symbol,company,market_cap_cr
500325,RELIANCE INDUSTRIES LTD.,1970806.49
500180,HDFC BANK LTD.,1516760.98
532454,BHARTI AIRTEL LTD.,1136206.71
532540,TATA CONSULTANCY SERVICES LTD.,1129582
532174,ICICI BANK LTD.,999123.08
500112,STATE BANK OF INDIA,809938.33
500209,INFOSYS LTD.,635239.14
500034,BAJAJ FINANCE LIMITED,608134.07
500696,HINDUSTAN UNILEVER LTD.,582491.65
543526,LIFE INSURANCE CORPORATION OF ,565211.08
500510,LARSEN & TOUBRO LTD.,518705.11
500875,ITC LTD.,511810.19
532500,MARUTI SUZUKI INDIA LTD.,470436.83
500520,MAHINDRA & MAHINDRA LTD.,431855.41
532281,HCL TECHNOLOGIES LTD.,418792.29
500247,KOTAK MAHINDRA BANK LTD.,415421.99
524715,SUN PHARMACEUTICAL INDUSTRIES,404420.99
532215,AXIS BANK LTD.,363130.14
532538,ULTRATECH CEMENT LTD.,358018.85
532978,BAJAJ FINSERV LTD.,324489.3
500114,TITAN COMPANY LIMITED,323564.13
532555,NTPC LTD.,323250.29
541154,Hindustan Aeronautics Limited,309430.25
532921,ADANI PORTS AND SPECIAL ECONOM,308622.99
500312,OIL AND NATURAL GAS CORPORATIO,303870.15
543320,Eternal Limited,297118.98
500049,BHARAT ELECTRONICS LTD.,293001.17
512599,ADANI ENTERPRISES LTD.,284353.71
540376,Avenue Supermarts Limited,275699.87
500228,JSW STEEL LTD.,270427.03
533096,ADANI POWER LTD.,264347.71
507685,WIPRO LTD.,263358.28
532898,POWER GRID CORPORATION OF INDI,262670.09
500820,ASIAN PAINTS LTD.,246424.12
532977,BAJAJ AUTO LTD.,245111.96
533278,COAL INDIA LTD.,237343.05
500790,NESTLE INDIA LTD.,233639.46
539448,InterGlobe Aviation Limited,219754.62
530965,INDIAN OIL CORPORATION LTD.,216854.59
500470,TATA STEEL LTD.,209335.94
500570,TATA MOTORS PASSENGER VEHICLES,203406.63
500188,HINDUSTAN ZINC LTD.,200291.02
543940,Jio Financial Services Limited,197591.78
544274,HYUNDAI MOTOR INDIA LIMITED,190810.38
500300,GRASIM INDUSTRIES LTD.,190057.04
540719,SBI Life Insurance Company Lim,189233.49
500295,VEDANTA LIMITED,188331.12
532868,DLF LTD.,187698.27
505200,EICHER MOTORS LTD.,179560.4
500251,TRENT LTD.,173112.36
500440,HINDALCO INDUSTRIES LTD.,170768.88
532488,DIVIS LABORATORIES LTD.,169468.93
540777,HDFC LIFE INSURANCE COMPANY LI,164675.65
540005,LTIMindtree Limited,163646.75
541450,Adani Green Energy Limited,163194.78
543257,Indian Railway Finance Corpora,163095.99
540180,Varun Beverages Limited,160499.84
532343,TVS MOTOR COMPANY LTD.,158852.14
500331,PIDILITE INDUSTRIES LTD.,152292.46
500547,BHARAT PETROLEUM CORPORATION L,148424.54
532755,TECH MAHINDRA LTD.,147723.94
500490,BAJAJ HOLDINGS & INVESTMENT LT,141510.23
500825,BRITANNIA INDUSTRIES LTD.,141269.72
500425,AMBUJA CEMENTS LTD.,140891.14
544574,Tata Capital Limited,138787.15
532134,BANK OF BARODA,135270.73
511243,CHOLAMANDALAM INVESTMENT AND F,134986.51
511218,Shriram Finance Limited,134243.22
544569,Tata Motors Limited,133977.94
532461,PUNJAB NATIONAL BANK,130928.8
544658,ICICI Prudential Asset Managem,129961.88
532810,POWER FINANCE CORPORATION LTD.,129277.43
532725,SOLAR INDUSTRIES INDIA LTD.,127236.78
533398,MUTHOOT FINANCE LTD.,125431.07
500400,TATA POWER CO.LTD.,124846.99
500087,CIPLA LTD.,123546.65
500420,TORRENT PHARMACEUTICALS LTD.,122668.1
532424,GODREJ CONSUMER PRODUCTS LTD.,121715.49
543287,Lodha Developers Limited,120421.65
541729,HDFC Asset Management Company ,117500.29
532155,GAIL (INDIA) LTD.,117132.53
532483,CANARA BANK,114295.61
543220,Max Healthcare Institute Limit,113898.16
544390,Siemens Energy India Limited,112972.26
500550,SIEMENS LTD.,112489.54
543237,Mazagon Dock Shipbuilders Limi,112305.49
500530,BOSCH LTD.,112075.27
500002,ABB INDIA LIMITED,111551.92
517334,Samvardhana Motherson Internat,111481.18
500480,CUMMINS INDIA LTD.,111413.27
500800,TATA CONSUMER PRODUCTS LIMITED,111179.84
500093,CG Power and Industrial Soluti,110919.33
544576,LG Electronics India Limited,109777.98
542652,Polycab India Limited,109480.3
532477,UNION BANK OF INDIA,108930.04
539254,Adani Energy Solutions Limited,108350.36
508869,APOLLO HOSPITALS ENTERPRISE LT,107947.81
500850,INDIAN HOTELS CO.LTD.,105952.22
500182,HERO MOTOCORP LTD.,105539.37
500124,DR.REDDYS LABORATORIES LTD.,105177.44
500387,SHREE CEMENT LTD.,104508.85
532286,JINDAL STEEL LIMITED,103391.88
544285,SWIGGY LIMITED,103022.26
500116,IDBI BANK LTD.,102939.06
543904,Mankind Pharma Limited,99913.07
532814,INDIAN BANK,99682.66
534816,INDUS TOWERS LIMITED,99636.18
532432,UNITED SPIRITS LTD.,99542.73
532754,GMR Airports Limited,98984.11
532955,REC LIMITED,98216.75
532321,Zydus Lifesciences Limited,97833.34
540716,ICICI Lombard General Insuranc,96784.33
544603,Billionbrains Garage Ventures ,95901.88
540699,Dixon Technologies (India) Lim,95876.49
532822,VODAFONE IDEA  LIMITED,94047.77
517354,HAVELLS INDIA LTD.,93918.19
531642,MARICO LTD.,93869.34
500104,HINDUSTAN PETROLEUM CORPORATIO,93187.56
544277,Waaree Energies Limited,92834.51
544252,Bajaj Housing Finance Limited,91541.61
500096,DABUR INDIA LTD.,90962.01
500257,LUPIN LTD.,90702.5
533148,JSW ENERGY LTD,90092.4
540133,ICICI Prudential Life Insuranc,89707.08
533179,PERSISTENT SYSTEMS LTD.,89266.68
544162,Bharti Hexacom Limited,88892.4
532777,INFO EDGE (INDIA) LTD.,88707.76
503806,SRF LTD.,88539.71
500103,BHARAT HEAVY ELECTRICALS LTD.,87271.84
543187,HITACHI ENERGY INDIA LIMITED,86858.01
544632,Meesho Limited,86452.03
544289,NTPC GREEN ENERGY LIMITED,84832.94
543390,PB Fintech Limited,83049.35
533098,NHPC LTD.,83001.88
543066,SBI CARDS AND PAYMENT SERVICES,82604.93
500477,ASHOK LEYLAND LTD.,82078.91
532667,SUZLON ENERGY LTD.,79526.98
540691,Aditya Birla Capital Ltd,79362.02
543396,One 97 Communications Limited,76908.32
532388,INDIAN OVERSEAS BANK,74120.3
532466,ORACLE FINANCIAL SERVICES SOFT,74085.04
544600,Lenskart Solutions Limited,73287.72
522275,GE Vernova T&D India Limited,72679.42
542649,Rail Vikas Nigam Limited,70914.02
533274,PRESTIGE ESTATES PROJECTS LTD.,70851.82
512455,LLOYDS METALS AND ENERGY LTD.,70818.96
532539,UNO Minda Limited,70476.5
532843,FORTIS HEALTHCARE LTD.,70000.68
543384,FSN E-Commerce Ventures Limite,68636.17
533106,OIL INDIA LTD.,68181.46
542066,ADANI TOTAL GAS LIMITED,67979.87
506395,COROMANDEL INTERNATIONAL LTD.,67915.15
540755,General Insurance Corporation ,66431.89
532648,YES BANK LTD.,66365.05
544307,Vishal Mega Mart Limited,66115.14
500488,ABBOTT INDIA LTD.,65871.14
532779,TORRENT POWER LTD.,65811.8
524804,AUROBINDO PHARMA LTD.,65677.44
526371,NMDC LTD.,65186.37
539523,Alkem Laboratories Limited,64336.27
509480,BERGER PAINTS INDIA LTD.,64186.04
500290,MRF LTD.,64072.74
500368,Patanjali Foods Limited,63746.91
533150,GODREJ PROPERTIES LTD,63667.84
544429,HDB FINANCIAL SERVICES LIMITED,63476.76
533519,L&T Finance Limited,63084.07
543994,JSW Infrastructure Limited,62718.71
505790,Schaeffler India Limited,62598.42
532187,INDUSIND BANK LTD.,62528.05
532508,JINDAL STAINLESS LTD.,61867.59
540611,AU Small Finance Bank Limited,61420.12
500830,COLGATE-PALMOLIVE (INDIA) LTD.,61273.12
533273,OBEROI REALTY LTD.,61134.68
500493,BHARAT FORGE LTD.,61062.14
512070,UPL LIMITED,60521.71
532541,COFORGE LIMITED,59323.62
503100,THE PHOENIX MILLS LTD,57964.35
532149,BANK OF INDIA,57802.62
539437,IDFC FIRST BANK LIMITED,57664.29
540762,Tube Investments of India Ltd,57612.95
542830,Indian Railway Catering and To,57368.63
541143,Bharat Dynamics Limited,57203.13
523642,P.I.INDUSTRIES LTD.,55993.66
532892,MOTILAL OSWAL FINANCIAL SERVIC,55870.25
532296,GLENMARK PHARMACEUTICALS LTD.,55712.57
500271,Max Financial Services Limited,55402.53
500113,STEEL AUTHORITY OF INDIA LTD.,54436.25
500469,FEDERAL BANK LTD.,54269.8
540767,NIPPON LIFE INDIA ASSET MANAGE,53988.84
526299,MPHASIS LTD.,53515.51
543278,Kalyan Jewellers India Limited,53383.73
523457,Linde India Limited,53245.89
509930,SUPREME INDUSTRIES LTD.,51140.48
532523,BIOCON LTD.,50156.72
500483,TATA COMMUNICATIONS LTD.,49907.59
540222,Laurus Labs Limited,49375.18
539177,Authum Investment & Infrastruc,49310.6
500163,GODFREY PHILLIPS INDIA LTD.,49052.93
532644,J.K.CEMENT LTD.,48678.99
532478,UNITED BREWERIES LTD.,48008.87
533758,APL APOLLO TUBES LTD.,47513.11
532827,PAGE INDUSTRIES LTD.,47336.26
500660,GLAXOSMITHKLINE PHARMACEUTICAL,46769.58
502355,BALKRISHNA INDUSTRIES LTD.,46618.72
544325,ITC Hotels Limited,46322.21
540678,Cochin Shipyard Limited,46225.81
544238,Premier Energies Limited,45789.41
544362,Hexaware Technologies Limited,45651.85
540115,L&T Technology Services Limite,45463.29
500575,VOLTAS LTD.,45322.25
534091,MULTI COMMODITY EXCHANGE OF IN,45092.61
542772,360 ONE WAM LIMITED,44932.24
540530,Housing &Urban Development Cor,44791.8
532525,BANK OF MAHARASHTRA,43642.98
500459,PROCTER & GAMBLE HYGIENE & HEA,43172.86
532522,PETRONET LNG LTD.,42178.04
544026,Indian Renewable Energy Develo,41747.74
544449,Anthem Biosciences Limited,41542.9
531344,CONTAINER CORPORATION OF INDIA,41501.97
532720,MAHINDRA & MAHINDRA FINANCIAL,41376.19
532234,NATIONAL ALUMINIUM CO.LTD.,41313.79
542216,DALMIA BHARAT LIMITED,41112.53
533155,JUBILANT FOODWORKS LTD,40943.76
543664,KAYNES TECHNOLOGY INDIA LIMITE,40788.86
500495,Escorts Kubota Limited,40130.68
532497,RADICO KHAITAN LTD.,40110.83
542812,Gujarat Fluorochemicals Limite,39087.82
540153,Endurance Technologies Limited,38667.47
517569,KEI INDUSTRIES LTD.,38632.91
532830,ASTRAL LIMITED,38626.78
500411,THERMAX LTD.,38582.74
544609,Physicswallah Limited,38491
532505,UCO BANK,38062.84
500067,BLUE STAR LTD.,37851.41
539551,Narayana Hrudayalaya Limited,37851.07
501301,TATA INVESTMENT CORPORATION LT,37809.03
500164,GODREJ INDUSTRIES LTD.,37682.43
524000,POONAWALLA FINCORP LIMITED,36984.18
500092,CRISIL LTD.,36290.82
532889,K.P.R.MILL LIMITED,36165.54
504973,CHOLAMANDALAM FINANCIAL HOLDIN,35795.09
523395,3M INDIA LTD.,35768.38
524494,IPCA LABORATORIES LTD.,35215.54
544597,Piramal Finance Limited,35105.31
532259,APAR INDUSTRIES LTD.,34902.43
533206,SJVN LTD,34832.21
543654,Global Health Limited,34761.46
500410,ACC LTD.,34699.88
500408,TATA ELXSI LTD.,34603.2
513683,NLC India Limited,34423.14
532885,CENTRAL BANK OF INDIA,33882.7
543458,AWL AGRI BUSINESS LIMITED,33879.27
542651,KPIT Technologies Ltd,33295.39
543529,Delhivery Limited,32985.24
540975,Aster DM Healthcare Limited,32945.32
500086,EXIDE INDUSTRIES LTD.,32936.69
544179,Go Digit General Insurance Lim,32606.48
517174,HONEYWELL AUTOMATION INDIA LTD,32472.09
532331,AJANTA PHARMA LTD.,32249.53
543426,Metro Brands Limited,32065.72
532683,AIA ENGINEERING LTD.,31493.5
543064,Cohance Lifesciences Limited,31438.3
500253,LIC HOUSING FINANCE LTD.,31409.73
507815,GILLETTE INDIA LTD.,31179
543245,Gland Pharma Limited,31064.63
500877,APOLLO TYRES LTD.,30841.61
540769,The New India Assurance Compan,30194.37
534309,NBCC (India) Limited,30065.06
523610,ITI LTD.,30012.39
513599,HINDUSTAN COPPER LTD.,29929.32
542011,Garden Reach Shipbuilders & En,29787.9
543498,Motherson Sumi Wiring India Li,29601.56
539336,Gujarat Gas Limited,29362.98
541179,ICICI Securities Limited,29132.36
532514,INDRAPRASTHA GAS LTD.,29027.2
543300,Sona BLW Precision Forgings Li,28833.79
544407,AEGIS VOPAK TERMINALS LIMITED,28632.21
543308,Krishna Institute of Medical S,28469.14
544028,Tata Technologies Limited,27831.74
544606,Pine Labs Limited,27485.91
544309,INVENTURUS KNOWLEDGE SOLUTIONS,27302.6
539533,ELITECON INTERNATIONAL LIMITED,27167.07
543412,Star Health and Allied Insuran,26983.32
506943,J.B.CHEMICALS & PHARMACEUTICAL,26957.36
520056,TVS Holdings Limited,26832.86
532504,NAVIN FLUORINE INTERNATIONAL L,26727.26
532947,IRB INFRASTRUCTURE DEVELOPERS,26589.24
542920,SUMITOMO CHEMICAL INDIA LIMITE,26460.49
542752,AFFLE 3I LIMITED,26433.39
500003,AEGIS LOGISTICS LTD.,26422.61
539268,Syngene International Limited,26232.12
541153,Bandhan Bank Limited,26207.69
544210,Emcure Pharmaceuticals Limited,26076.33
500302,PIRAMAL ENTERPRISES LTD.,26066.51
540902,Amber Enterprises India Limite,26019.11
539524,Dr. Lal Pathlabs Limited,26017.44
543635,PIRAMAL PHARMA LIMITED,25718.79
533023,ZF Commercial Vehicle Control ,25708.97
543988,Nuvama Wealth Management Limit,25540.53
500109,MANGALORE REFINERY & PETROCHEM,25242.22
500260,THE RAMCO CEMENTS LIMITED,25044.43
543299,Shyam Metalics and Energy Limi,24905.91
531162,EMAMI LTD.,24544.82
539083,Inox Wind Limited,24539.03
532809,FIRSTSOURCE SOLUTIONS LTD.,24403.64
506401,DEEPAK NITRITE LTD.,24199.42
500840,EIH LTD.,23927.82
532300,WOCKHARDT LTD.,23916.61
539006,PTC Industries Ltd.,23911.16
500680,PFIZER LTD.,23802.19
543415,Anand Rathi Wealth Limited,23643.42
540680,KIOCL Limited,23624.3
531213,Manappuram Finance Ltd,23545.4
540173,PNB Housing Finance Limited,23490.96
532929,BRIGADE ENTERPRISES LTD.,23416.88
506285,BAYER CROPSCIENCE LTD.,23405.2
543374,Aditya Birla Sun Life AMC Limi,23403.38
544467,National Securities Depository,23327.93
522113,TIMKEN INDIA LTD.,23199.59
500184,Himadri Speciality Chemical Lt,23186.92
500033,FORCE MOTORS LTD.,23014.93
532144,WELSPUN CORP LIMITED,22987.79
543235,ANGEL ONE LIMITED,22921.14
500770,TATA CHEMICALS LTD.,22735.03
515030,ASAHI INDIA GLASS LTD.,22714.94
506820,ASTRAZENECA PHARMA INDIA LTD.,22583.64
540596,Eris Lifesciences Limited,22572.77
500084,CESC LTD.,22519.02
517271,HBL ENGINEERING LIMITED,22517.02
532733,SUN TV NETWORK LTD.,22228.17
544282,Sagility Limited,21900.41
544081,Jyoti CNC Automation Limited,21734.43
544176,Aadhar Housing Finance Limited,21636.16
532714,KEC INTERNATIONAL LTD.,21634.91
532636,IIFL FINANCE LIMITED,21399.4
532805,Redington Limited,21393.29
531531,HATSUN AGRO PRODUCT LTD.,21359.98
541770,CreditAccess Grameen Ltd.,21268.38
544515,Urban Company Limited,21168.92
532642,JSW HOLDINGS LIMITED,21053.46
533295,PUNJAB & SIND BANK,21026.53
544292,Onesource Specialty Pharma Lim,20904.41
522287,KALPATARU PROJECTS INTERNATION,20879.38
544397,Ather Energy Limited,20851.53
500403,SUNDRAM FASTENERS LTD.,20686.04
515055,ANANT RAJ LIMITED,20543.64
500040,ADITYA BIRLA REAL ESTATE LIMIT,20443.24
544225,Ola Electric Mobility Limited,20391.2
542399,Chalet Hotels Limited,20367.89
500085,CHAMBAL FERTILISERS & CHEMICAL,20317.27
532927,ECLERX SERVICES LTD.,20100.75
500870,CASTROL INDIA LTD.,19988.71
534139,SCHNEIDER ELECTRIC INFRASTRUCT,19958.35
531768,POLY MEDICURE LTD.,19949.92
523367,DCM SHRIRAM LIMITED,19787.72
543330,Devyani International Limited,19740.24
500042,BASF INDIA LTD.,19608.85
544612,Tenneco Clean Air India Limite,19602.79
500165,KANSAI NEROLAC PAINTS LTD.,19574.34
524558,NEULAND LABORATORIES LTD.,19314.29
539876,Crompton Greaves Consumer Elec,19299.17
543232,Computer Age Management Servic,19283.89
500125,E.I.D.-PARRY (INDIA) LTD.,19275.29
543720,KFin Technologies Limited,19261.81
532939,RELIANCE POWER LTD.,19186.04
543653,Bikaji Foods International Lim,18636.09
500233,KAJARIA CERAMICS LTD.,18606.3
500027,ATUL LTD.,18555.17
504614,SARDA ENERGY & MINERALS LTD.,18465.05
533573,ALEMBIC PHARMACEUTICALS LTD.,18407.28
500645,DEEPAK FERTILISERS & PETROCHEM,18331.67
544226,Brainbees Solutions Limited,18306.37
544480,JSW CEMENT LIMITED,18253.21
544306,Sai Life Sciences Limited,18094.2
531595,CAPRI GLOBAL CAPITAL LIMITED,17989.45
500008,Amara Raja Energy & Mobility L,17871.56
506076,GRINDWELL NORTON LTD.,17855.91
500472,SKF INDIA LTD.,17784.2
524200,VINATI ORGANICS LTD.,17780.52
500266,MAHARASHTRA SCOOTERS LTD.,17759.86
530019,JUBILANT PHARMOVA LIMITED,17701.55
504067,ZENSAR TECHNOLOGIES LTD.,17688.78
543663,Five-Star Business Finance Ltd,17604.03
533655,TRIVENI TURBINE LTD.,17480.38
540065,RBL Bank Limited,17458.05
513375,CARBORUNDUM UNIVERSAL LTD.,17436.98
532702,GUJARAT STATE PETRONET LTD.,17393.32
520111,RATNAMANI METALS & TUBES LTD.,17325.43
533581,PG ELECTROPLAST LTD.,17286.88
513023,NAVA LIMITED,17264.02
544321,Ventive Hospitality Limited,17258.99
532210,CITY UNION BANK LTD.,17207.04
532548,CENTURY PLYBOARDS (I) LTD.,17169.69
500048,BEML LTD.,16943.38
543463,Vedant Fashions Limited,16924.38
544403,Aditya Birla Lifestyle Brands ,16915.11
543945,NETWEB TECHNOLOGIES INDIA LIMI,16709.39
544174,TBO TEK LIMITED,16664.44
543960,Concord Biotech Limited,16592.77
544466,Aditya Infotech Limited,16512.49
544443,TRAVEL FOOD SERVICES LIMITED,16495.06
543238,UTI Asset Management Company L,16428.23
532784,SOBHA,16406.54
500252,LMW Limited,16312.5
544283,ACME Solar Holdings Limited,16266.63
541956,IRCON International Ltd,16191.09
505714,GABRIEL INDIA LTD.,16167.58
532181,GUJARAT MINERAL DEVELOPMENT CO,16122.57
543276,Craftsman Automation Limited,16014.38
531358,CHOICE INTERNATIONAL LTD.,15972.27
522074,ELGI EQUIPMENTS LTD.,15909.95
524816,NATCO PHARMA LTD.,15878.78
532953,V-GUARD INDUSTRIES LTD.,15852.18
543335,Aptus Value Housing Finance In,15833.18
532756,CIE Automotive India Limited,15773.71
543990,SIGNATUREGLOBAL (INDIA) LIMITE,15769.05
542141,Techno Electric & Engineering ,15738.63
500238,WHIRLPOOL OF INDIA LTD.,15738
523405,JM FINANCIAL LTD.,15704.79
532734,GODAWARI POWER & ISPAT LTD.,15675.71
544280,Afcons Infrastructure Limited,15616.87
500710,AKZO NOBEL INDIA LIMITED,15607.75
544203,Allied Blenders and Distillers,15522.56
524742,CAPLIN POINT LABORATORIES LTD.,15499.13
543428,Data Patterns (India) Limited,15268.5
544311,International Gemmological Ins,15204.18
544045,DOMS Industries Limited,15193.51
500620,GREAT EASTERN SHIPPING CO.LTD.,15160.05
532783,LT FOODS LTD.,15105.37
500241,KIRLOSKAR BROTHERS LTD.,15092.88
544350,Dr. Agarwal's Health Care Limi,15080.91
532605,JBM AUTO LTD.,15065.37
543981,R R KABEL LIMITED,15033.4
532726,GALLANTT ISPAT LIMITED,14943.12
500106,IFCI LTD.,14856.06
544286,NIVA BUPA HEALTH INSURANCE COM,14769.67
542726,IndiaMART InterMESH Limited,14757.15
543530,Paradeep Phosphates Limited,14728.4
500878,CEAT LTD.,14685.81
521064,TRIDENT LTD.,14666.16
543573,Syrma SGS Technology Limited,14512.79
543524,Rainbow Children's Medicare Li,14494.07
538835,INTELLECT DESIGN ARENA LIMITED,14485.6
541557,Fine Organic Industries Limite,14433.81
500043,BATA INDIA LTD.,14409.65
543334,Nuvoco Vistas Corporation Limi,14409.37
503310,Swan Corp Limited,14373.52
533293,KIRLOSKAR OIL ENGINES LTD.,14319.85
540073,BLS International Services Ltd,14271.3
524208,AARTI INDUSTRIES LTD.,14252.25
544408,Leela Palaces Hotels & Resorts,14179.89
544608,Emmvee Photovoltaic Power Limi,14167.05
500405,SUPREME PETROCHEM LTD.,14131.7
526612,BLUE DART EXPRESS LTD.,14036.27
531335,ZYDUS WELLNESS LTD.,14010.62
500249,KSB LIMITED,13962.97
506590,PCBL Chemical Limited,13943.93
533272,JUPITER WAGONS LIMITED,13826.91
509496,Cemindia Projects Limited,13794.89
533339,ZEN TECHNOLOGIES LTD.,13549.35
540750,Indian Energy Exchange Limited,13370.06
544537,Jain Resource Recycling Limite,13342.52
540743,Godrej Agrovet Limited,13316.11
501425,The Bombay Burmah Trading Corp,13254.34
532175,CYIENT LIMITED,13217.84
544172,Indegene Limited,13214.3
541988,AAVAS Financiers Limited,13171.56
538962,Minda Corporation Limited,13120.1
544405,BELRISE INDUSTRIES LIMITED,13106.72
544012,Cello World Limited,13099.16
532627,JAIPRAKASH POWER VENTURES LIMI,13061.01
532928,TRANSFORMERS AND RECTIFIERS (I,13005.86
540900,Newgen Software Technologies L,12934.59
543275,Anupam Rasayan India Limited,12912.65
532482,GRANULES INDIA LTD.,12802.41
543259,Home First Finance Company Ind,12797.7
533282,GRAVITA INDIA LTD.,12784.91
539957,Mahanagar Gas Limited,12768.83
517146,USHA MARTIN LTD.,12707.77
532832,EMBASSY DEVELOPMENTS LIMITED,12701.47
543413,Tega Industries Limited,12697.25
541233,Lemon Tree Hotels Limited,12684.46
502986,VARDHMAN TEXTILES LTD.,12679.56
500294,NCC LIMITED,12649.94
500144,FINOLEX CABLES LTD.,12635.55
532762,ACTION CONSTRUCTION EQUIPMENT,12619.38
544572,SKF INDIA (INDUSTRIAL) LIMITED,12609.77
505700,ELECON ENGINEERING CO.LTD.,12486.16
500378,JINDAL SAW LTD.,12425.67
543297,Inox Wind Energy Limited,12410.75
514162,WELSPUN LIVING LIMITED,12330.25
543768,NMDC Steel Limited,12252.03
543349,ACUTAAS CHEMICALS LIMITED,12190.95
541556,RITES Limited,12178.35
519600,CCL PRODUCTS (INDIA) LTD.,12161.65
500940,FINOLEX INDUSTRIES LTD.,12094.47
535789,Sammaan Capital Limited,12088.31
500210,INGERSOLL-RAND (INDIA) LTD.,12067.73
530005,INDIA CEMENTS LTD.,12014.16
543333,CarTrade Tech Limited,11969.09
544009,Blue Jet Healthcare Limited,11961.87
500110,CHENNAI PETROLEUM CORPORATION,11917.78
543959,SBFC Finance Limited,11888.82
544583,Canara HSBC Life Insurance Com,11799.65
543265,RailTel Corporation of India L,11782.6
543318,Clean Science and Technology L,11732.73
532966,TITAGARH RAIL SYSTEMS LIMITED,11720.93
532926,JYOTHY LABS LIMITED,11720.5
544344,SHRIRAM PISTONS & RINGS LTD,11708.64
543322,ALIVUS LIFE SCIENCES LIMITED,11606.67
532178,ENGINEERS INDIA LTD.,11601.29
532209,JAMMU & KASHMIR BANK LTD.,11565.04
532439,OLECTRA GREENTECH LIMITED,11559.56
543317,G R Infraprojects Limited,11554.82
500674,SANOFI INDIA LTD,11413.95
543271,Jubilant Ingrevia Limited,11409.71
544250,Sanofi Consumer Healthcare Ind,11294.48
543482,Eureka Forbes Limited,11218.24
534618,WAAREE RENEWABLE TECHNOLOGIES ,11173.19
530517,RELAXO FOOTWEARS LTD.,11144.82
543527,Prudent Corporate Advisory Ser,11144.25
544488,Vikram Solar Limited,11039.08
532371,TATA TELESERVICES (MAHARASHTRA,11031.58
511196,CAN FIN HOMES LTD.,10931.58
532400,BIRLASOFT LIMITED,10900.63
509488,GRAPHITE INDIA LTD.,10876.7
530007,JK TYRE & INDUSTRIES LTD.,10822.24
544288,BlackBuck Limited,10797.51
505537,ZEE ENTERTAINMENT ENTERPRISES,10743.64
523025,SAFARI INDUSTRIES (INDIA) LTD.,10742.31
500183,HFCL LIMITED,10693.56
544046,INOX India Limited,10689.96
544578,RUBICON RESEARCH LIMITED,10637.44
532689,PVR INOX LIMITED,10616.16
500380,JK LAKSHMI CEMENT LTD.,10578.23
523598,SHIPPING CORPORATION OF INDIA,10561.47
543350,Vijaya Diagnostic Centre Limit,10549.94
530117,PRIVI SPECIALITY CHEMICALS LIM,10530.91
532221,SONATA SOFTWARE LTD.,10506.78
543280,Nazara Technologies Limited,10458.62
544061,Azad Engineering Limited,10421.7
543534,Aether Industries Limited,10420.65
532922,EDELWEISS FINANCIAL SERVICES L,10411.88
544192,Le Travenues Technology Limite,10385.5
542650,Metropolis Healthcare Limited,10325.88
500038,BALRAMPUR CHINI MILLS LTD.,10252.41
520113,VESUVIUS INDIA LTD.,10245.54
505533,WESTLIFE FOODWORLD LIMITED,10238.84
532527,RAMKRISHNA FORGINGS LTD.,10236.81
530343,GENUS POWER INFRASTRUCTURES LT,10142.77
509631,HEG LTD.,10079.2
500390,RELIANCE INFRASTRUCTURE LTD.,10042.88
532856,TIME TECHNOPLAST LTD.,10036.19
500126,PROCTER & GAMBLE HEALTH LIMITE,10014.12
540575,Star Cement Limited,10009.59
540595,Tejas Networks Limited,9997.93
506767,ALKYL AMINES CHEMICALS LTD.,9989.52
501423,SHAILY ENGINEERING PLASTICS LT,9987.19
500039,BANCO PRODUCTS (INDIA) LTD.,9932.05
531431,SHAKTI PUMPS (INDIA) LTD.,9917.98
504346,RRP SEMICONDUCTOR LIMITED,9902.7
512573,AVANTI FEEDS LTD.,9879.68
542773,IIFL CAPITAL SERVICES LIMITED,9864.04
544022,ASK Automotive Limited,9832.94
543427,Medplus Health Services Limite,9822.32
535755,Aditya Birla Fashion and Retai,9756.04
513377,MMTC LTD.,9732.12
506655,SUDARSHAN CHEMICAL INDUSTRIES,9731.84
534076,RHI MAGNESITA INDIA LIMITED,9721.7
544634,Aequs Limited,9690.45
544044,India Shelter Finance Corporat,9626.97
543980,Jupiter Life Line Hospitals Li,9608.91
532493,ASTRA MICROWAVE PRODUCTS LTD.,9591.94
533553,T D POWER SYSTEMS LTD.,9556.07
542323,KPI Green Energy Limited,9517.57
544317,Transrail Lighting Limited,9513.06
532468,KAMA HOLDINGS LIMITED,9505.36
500335,BIRLA CORPORATION LTD.,9492.74
543397,Sapphire Foods India Limited,9452.06
543425,C.E. Info Systems Limited,9440.78
542904,Ujjivan Small Finance Bank Lim,9433.32
539787,HealthCare Global Enterprises ,9415.23
505355,NESCO LTD.,9355.87
512463,LLOYDS ENTERPRISES LIMITED,9303.59
544057,Happy Forgings Limited,9250.72
544014,Honasa Consumer Limited,9245.85
530813,KRBL LTD.,9180.51
544476,Jeena Sikho Lifecare Limited,9141.92
541578,Varroc Engineering Limited,9138.78
543358,Sansera Engineering Limited,9119.66
543398,Latent View Analytics Limited,9087.09
507205,TILAKNAGAR INDUSTRIES LTD.,9049.27
544484,BlueStone Jewellery and Lifest,9026.62
533269,VA TECH WABAG LTD.,9014.55
533095,BENGAL & ASSAM COMPANY LTD.,8958.97
521070,ALOK INDUSTRIES LTD.,8931.68
504918,SANDUR MANGANESE & IRON ORES L,8928.54
533160,VALOR ESTATE LIMITED,8858.44
517506,TTK PRESTIGE LTD.,8855.95
524404,MARKSANS PHARMA LTD.,8841.84
532349,TRANSPORT CORPORATION OF INDIA,8832.06
500463,BLACK BOX LIMITED,8804.33
539302,Power Mech Projects Limited,8795.14
544595,Orkla India Limited,8782.17
532218,SOUTH INDIAN BANK LTD.,8752.13
544469,Sri Lotus Developers and Realt,8689.19
532976,JAI BALAJI INDUSTRIES LTD.,8649.91
532163,SAREGAMA INDIA LTD.,8635.28
500245,KIRLOSKAR FERROUS INDUSTRIES L,8620.59
534809,PC JEWELLER LTD.,8577.06
532796,LUMAX AUTO TECHNOLOGIES LTD.,8475.9
544644,Corona Remedies Limited,8453.45
532790,TANLA PLATFORMS LIMITED,8409.8
540879,Apollo Micro Systems Limited,8395.17
541974,Manorama Industries Limited,8395.09
500101,ARVIND LTD.,8381.02
500123,ELANTAS BECK INDIA LTD.,8368.91
544256,P N GADGIL JEWELLERS LIMITED,8329.52
543227,Happiest Minds Technologies Li,8327.36
500265,MAHARASHTRA SEAMLESS LTD.,8327.11
543523,Campus Activewear Limited,8324.99
532915,RELIGARE ENTERPRISES LTD.,8324.24
543490,GMR Power and Urban Infra Limi,8320.15
543253,Mrs. Bectors Food Specialities,8292.79
524230,RASHTRIYA CHEMICALS & FERTILIZ,8221.14
544570,WeWork India Management Limite,8219.83
500133,ESAB INDIA LTD.,8216.61
532757,VOLTAMP TRANSFORMERS LTD.,8126.69
532531,STRIDES PHARMA SCIENCE LIMITED,8100.6
540935,Galaxy Surfactants Limited,8084.28
532313,MAHINDRA LIFESPACE DEVELOPERS,8034.3
533248,GUJARAT PIPAVAV PORT LTD.,8014.92
544418,Oswal Pumps Limited,8001.55
538666,Sharda Cropchem Limited,7999.07
543306,Dodla Dairy Limited,7930.1
532798,NETWORK18 MEDIA & INVESTMENTS,7923.11
522163,DIAMOND POWER INFRASTRUCTURE L,7902.22
500655,GARWARE HI-TECH FILMS LIMITED,7871.88
532443,CERA SANITARYWARE LTD.,7863.7
505283,KIRLOSKAR PNEUMATIC CO.LTD.,7844.74
502219,BOROSIL RENEWABLES LIMITED,7839.54
544423,Kalpataru Limited,7827.35
532356,TRIVENI ENGINEERING & INDUSTRI,7821.41
500690,GUJARAT STATE FERTILIZERS & CH,7800.62
509557,GARWARE TECHNICAL FIBRES LIMIT,7781.04
543657,Archean Chemical Industries Li,7771.45
540047,Dilip Buildcon Limited,7654.8
530549,SHILPA MEDICARE LTD.,7654.03
544008,Max Estates Limited,7580.83
539992,LLOYDS ENGINEERING WORKS LIMIT,7573.27
532748,PRIME FOCUS LTD.,7572.1
500413,THOMAS COOK (INDIA) LTD.,7549.96
544619,Sudeep Pharma Limited,7546.05
543748,Aarti Pharmalabs Limited,7527.58
500670,GUJARAT NARMADA VALLEY FERTILI,7519.78
533158,THANGAMAYIL JEWELLERY LTD,7505.41
500338,PRISM JOHNSON LIMITED.,7482.78
543669,Keystone Realtors Limited,7450.66
544222,Akums Drugs and Pharmaceutical,7433.24
544356,AJAX Engineering Limited,7404.57
543532,ETHOS LIMITED,7389.16
539150,PNC Infratech Limited,7383.59
531599,FDC LTD.,7370.31
543957,REDTAPE Limited,7351.11
543596,Tamilnad Mercantile Bank Limit,7312.66
532375,TIPS MUSIC LIMITED,7264.16
532867,V2 RETAIL LTD.,7263.36
544527,Atlanta Electricals Limited,7260.04
543332,Epigral Limited,7236
543667,INOX GREEN ENERGY SERVICES LIM,7232.39
540203,Sheela Foam Limited,7209.92
523704,MASTEK LTD.,7205.68
534597,RATTANINDIA ENTERPRISES LIMITE,7200.66
533286,MOIL LTD.,7198.47
526367,GANESH HOUSING LIMITED,7197.62
531112,BALU FORGE INDUSTRIES LIMITED,7196.39
532553,WELSPUN ENTERPRISES LIMTED,7120.86
544240,Raymond Lifestyle Limited,7113.01
533033,ISGEC HEAVY ENGINEERING LTD.,7078.19
522205,PRAJ INDUSTRIES LTD.,7072.27
543417,RateGain Travel Technologies L,7055.37
541195,Mishra Dhatu Nigam Limited,7042.79
532652,KARNATAKA BANK LTD.,6991.12
543950,YATHARTH HOSPITAL & TRAUMA CAR,6967.31
542867,CSB Bank Limited,6965.82
500135,EPL LIMITED,6950.73
532668,AURIONPRO SOLUTIONS LTD.,6924.32
535648,JUST DIAL LTD.,6872.57
533088,MAHINDRA HOLIDAYS & RESORTS IN,6857.15
539871,Thyrocare Technologies Limited,6845.13
542484,Arvind Fashions Limited,6845.1
523323,KOVAI MEDICAL CENTER & HOSPITA,6783.58
543243,Equitas Small Finance Bank Lim,6724.61
544421,ELLENBARRIE INDUSTRIAL GASES L,6713.69
543441,CMS Info Systems Limited,6693.34
532808,PEARL GLOBAL INDUSTRIES LIMITE,6666.92
507717,DHANUKA AGRITECH LTD.,6647.53
517385,SYMPHONY LIMITED,6552.46
544367,QUALITY POWER ELECTRICAL EQUIP,6529.42
532811,AHLUWALIA CONTRACTS (INDIA) LT,6516.06
530843,CUPID LTD.,6515.89
505726,IFB INDUSTRIES LTD.,6478.88
544645,PARK MEDI WORLD LIMITED,6447.22
500031,BAJAJ ELECTRICALS LTD.,6445.99
532162,JK PAPER LTD.,6436.29
540293,Pricol Limited,6432.48
519126,HINDUSTAN FOODS LTD.,6393.86
543896,Avalon Technologies Limited,6368.67
500336,SURYA ROSHNI LTD.,6361.32
532891,Puravankara Limited,6356.04
544613,Fujiyama Power Systems Limited,6342.13
540205,Aditya Vision Limited,6326.6
533122,RATTANINDIA POWER LTD.,6318.4
532670,SHREE RENUKA SUGARS LTD.,6285.75
538979,Greenlam Industries Ltd,6283.74
532509,SUPRAJIT ENGINEERING LTD.,6274.26
522285,JAYASWAL NECO INDUSTRIES LTD.,6256.49
534976,V-MART RETAIL LTD.,6203.89
500214,ION EXCHANGE (INDIA) LTD.,6178.39
512179,SUNTECK REALTY LTD.,6170.52
544129,Juniper Hotels Limited,6162.09
544642,Wakefit Innovations Limited,6153.64
541019,H.G. Infra Engineering Limited,6148.02
532835,ICRA LTD.,6140.12
517168,SUBROS LTD.,6125.35
532395,AXISCADES TECHNOLOGIES LIMITED,6081.9
544580,Canara Robeco Asset Management,6074.37
500355,RALLIS INDIA LTD.,6039.54
532630,GOKALDAS EXPORTS LTD.,6022.85
538567,GULF OIL LUBRICANTS INDIA LTD,6012.09
543270,MTAR Technologies Limited,6011.49
543336,Chemplast Sanmar Limited,5980.33
533169,MAN INFRACONSTRUCTION LTD.,5965.71
542760,STERLING AND WILSON RENEWABLE ,5958.26
527001,ASHAPURA MINECHEM LTD.,5957.74
535602,SHARDA MOTOR INDUSTRIES LTD,5946.5
530305,PICCADILY AGRO INDUSTRIES LTD.,5925.67
500201,INDIA GLYCOLS LTD.,5917.25
507880,V.I.P.INDUSTRIES LTD.,5892.57
500128,ELECTROSTEEL CASTINGS LTD.,5878.27
532804,TECHNOCRAFT INDUSTRIES (INDIA),5863.96
539883,Pilani Investment And Industri,5809.51
544447,SMARTWORKS COWORKING SPACES LI,5802.74
533047,INDIAN METALS & FERRO ALLOYS L,5772.45
543434,Supriya Lifescience Limited,5757.72
543367,Paras Defence and Space Techno,5720.14
500171,GHCL LTD.,5707.44
544526,Saatvik Green Energy Limited,5695.92
540749,MAS Financial Services Limited,5662.8
533326,TEXMACO RAIL & ENGINEERING LTD,5653.11
538562,SKIPPER LTD,5620.9
531500,RAJESH EXPORTS LTD.,5610.08
532374,STERLITE TECHNOLOGIES LTD.,5608.3
543936,Senco Gold Limited,5559.61
524743,FISCHER MEDICAL VENTURES LIMIT,5546.73
544533,Seshaasai Technologies Limited,5542.35
532899,KAVERI SEED COMPANY LTD.,5535.58
521016,INDO COUNT INDUSTRIES LTD.,5515.64
532638,SHOPPERS STOP LTD.,5497.22
543258,Indigo Paints Limited,5493.56
532768,FIEM INDUSTRIES LTD.,5481.08
543965,TVS Supply Chain Solutions Lim,5471.57
505509,RESPONSIVE INDUSTRIES LTD.,5456.12
544209,Bansal Wire Industries Limited,5445.56
543277,Laxmi Organic Industries Limit,5444.38
544439,CRIZAC LIMITED,5442.19
500187,AGI GREENPAC LIMITED,5412.9
544614,Capillary Technologies India L,5378.36
543533,eMudhra Limited,5364.23
532942,KNR CONSTRUCTIONS LTD.,5343.18
544322,Unimech Aerospace and Manufact,5336.09
505255,GMM PFAUDLER LTD.,5329.76
533271,ASHOKA BUILDCON LTD.,5298.33
531201,SHILCHAR TECHNOLOGIES LTD.,5261.66
505242,DYNAMATIC TECHNOLOGIES LTD.,5255.46
539725,Gokul Agro Resources Ltd,5234.3
524019,Kingfa Science & Technology (I,5224.26
544027,Fedbank Financial Services Lim,5221.93
530135,OPTIEMUS INFRACOM LTD,5203.72
544263,KRN HEAT EXCHANGER AND REFRIGE,5183.22
532528,DATAMATICS GLOBAL SERVICES LTD,5172.43
517498,WEBSOL ENERGY SYSTEM LTD.,5131.69
543626,Electronics Mart India Limited,5127.86
532524,PTC INDIA LTD.,5094.98
543228,Route Mobile Limited,5081.52
539807,INFIBEAM AVENUES LIMITED,5050.12
532189,INDIA TOURISM DEVELOPMENT CORP,5048.84
532735,R SYSTEMS INTERNATIONAL LTD.,5046.72
543985,ZAGGLE PREPAID OCEAN SERVICES ,5042.3
524226,GUJARAT AMBUJA EXPORTS LTD.,5031.73
512529,SEQUENT SCIENTIFIC LTD.,4985.67
540673,SIS LIMITED,4983.75
538730,PDS LIMITED,4964.16
505192,SML Mahindra Limited,4950.18
500185,HINDUSTAN CONSTRUCTION CO.LTD.,4947.94
544122,Entero Healthcare Solutions Li,4936.01
500404,SUNFLAG IRON & STEEL CO.LTD.,4918.67
500407,SWARAJ ENGINES LTD.,4900.84
539118,VRL Logistics Limited,4898.5
544118,JANA SMALL FINANCE BANK LIMITE,4886.32
532940,J.KUMAR INFRAPROJECTS LTD.,4845.46
534804,CARE Ratings Limited,4836.43
544587,Midwest Limited,4818.55
530239,SUVEN LIFE SCIENCES LTD.,4816.87
542460,The Anup Engineering Ltd,4809.8
501455,GREAVES COTTON LTD.,4808.76
505890,KENNAMETAL INDIA LTD.,4802.84
541967,Sky Gold And Diamonds Limited,4795.4
532884,REFEX INDUSTRIES LTD.,4787.73
500250,L.G.BALAKRISHNAN & BROS.LTD.,4769.2
543249,TARC LIMITED,4765.24
543952,NIIT Learning Systems Limited,4751.33
533151,D B CORP LTD,4737.2
544067,INNOVA CAPTAB LIMITED,4719.78
514440,Blue Pearl Agriventures Limite,4703.26
544647,Nephrocare Health Services Lim,4677.38
500307,NIRLON LTD.,4671.91
526433,ASM TECHNOLOGIES LTD.,4666.53
532772,DCB BANK LIMITED,4660.96
543387,S.J.S. Enterprises Limited,4658.34
530999,BALAJI AMINES LTD.,4645.34
524709,NACL Industries Limited,4642.96
534758,CIGNITI TECHNOLOGIES LTD.,4639.28
508486,HAWKINS COOKERS LTD.,4608.96
523398,BOSCH HOME COMFORT INDIA LIMIT,4605.78
523630,NATIONAL FERTILIZERS LTD.,4598.24
532872,SUN PHARMA ADVANCED RESEARCH C,4597.56
544454,INDIQUBE SPACES LIMITED,4593.76
544490,Shreeji Shipping Global Limite,4577.82
500041,BANNARI AMMAN SUGARS LTD.,4576.65
531266,V.S.T.TILLERS TRACTORS LTD.,4549.39
532150,INDRAPRASTHA MEDICAL CORP.LTD.,4544.36
509966,VST INDUSTRIES LTD.,4536.45
544550,Pace Digitek Limited,4536.31
500339,RAIN INDUSTRIES LIMITED,4526.06
543984,Samhi Hotels Limited,4524.74
543971,Bondada Engineering Limited,4521.15
500292,HEIDELBERGCEMENT INDIA LTD.,4516.02
544223,Ceigall India Limited,4466.9
509732,KOTHARI INDUSTRIAL CORPORATION,4463.59
519552,HERITAGE FOODS LIMITED,4444.24
506222,Styrenix Performance Materials,4425.44
500285,SPICEJET LTD.,4417.42
535754,ORIENT CEMENT LTD,4358.24
506879,GUJARAT THEMIS BIOSYN LTD.,4349.63
524348,AARTI DRUGS LTD.,4349.14
541301,Orient Electric Limited,4348.25
544140,Gopal Snacks Limited,4337.62
543248,Restaurant Brands Asia Limited,4316.76
517206,LUMAX INDUSTRIES LTD.,4280.74
506854,TANFAC INDUSTRIES LTD.,4266.97
532406,AVANTEL LTD.,4252.38
532799,HUBTOWN LTD.,4231.33
543620,INSOLATION ENERGY LIMITED,4222.49
544290,ENVIRO INFRA ENGINEERS LIMITED,4220.97
521248,KITEX GARMENTS LTD.,4184.63
505872,WPIL LTD.,4173.57
544420,Raymond Realty Limited,4168.8
544314,Sanathan Textiles Limited,4153.55
544260,Northern Arc Capital Ltd.,4152.84
520051,JAMNA AUTO INDUSTRIES LTD.,4137.58
512329,SG MART LIMITED,4137.14
503101,MARATHON NEXTGEN REALTY LTD.,4116.89
530001,GUJARAT ALKALIES & CHEMICALS L,4116.52
544181,Awfis Space Solutions Limited,4104.35
540701,Dishman Carbogen Amcis Limited,4100.46
526729,GOLDIAM INTERNATIONAL LTD.,4091.27
532407,MOSCHIP TECHNOLOGIES LIMITED,4087.94
533262,RAMKY INFRASTRUCTURE LTD.,4080.82
543242,Hemisphere Properties India Li,4072.07
520057,JTEKT India Ltd,4071.33
526881,63 Moons Technologies Limited,4050.68
505710,GRAUER & WEIL (INDIA) LTD.,4036.53
500243,KIRLOSKAR INDUSTRIES LTD,4020.62
522034,SHANTHI GEARS LTD.,3973.19
532029,SINDHU TRADE LINKS LIMITED,3970.26
543212,Borosil Limited,3964.85
532834,Camlin Fine Sciences Ltd,3934.6
532156,VAIBHAV GLOBAL LTD,3930.74
500148,UFLEX LTD.,3930.03
532983,RPG LIFE SCIENCES LTD.,3900.9
500330,RAYMOND LTD.,3882.48
524372,Orchid Pharma Limited,3872.39
539542,LUX Industries Limited,3866.78
532440,MPS LTD.,3862.66
538891,MAGELLANIC CLOUD LIMITED,3827.62
544545,TRUALT BIOENERGY LIMITED,3821.92
513349,AJMERA REALTY & INFRA INDIA LT,3803.21
530655,Goodluck India Limited,3801.57
519156,VADILAL INDUSTRIES LTD.,3796.56
544455,GNG Electronics Limited,3783.19
539978,Quess Corp Limited,3775.32
538268,WONDERLA HOLIDAYS LTD,3770.62
533107,SWAN DEFENCE AND HEAVY INDUSTR,3763.24
530011,MANGALORE CHEMICALS & FERTILIZ,3759.21
526797,GREENPLY INDUSTRIES LTD.,3751.47
532924,KOLTE-PATIL DEVELOPERS LTD.,3709.49
542665,Neogen Chemicals Limited,3704.87
544232,Interarch Building Solutions L,3696.43
523539,PRECISION WIRES INDIA LTD.,3695.98
544088,Medi Assist Healthcare Service,3677.12
531543,JINDAL WORLDWIDE LTD.,3673.16
544396,Network People Services Techno,3669.58
544530,ANAND RATHI SHARE AND STOCK BR,3667.75
519477,CIAN Agro Ind & Infra Ltd,3662.76
517544,CENTUM ELECTRONICS LTD.,3643.69
532960,Dhani Services Limited,3642.5
543600,Harsha Engineers International,3631.93
543401,Go Fashion (India) Limited,3631.08
504882,NATIONAL STANDARD (INDIA) LTD.,3629.65
532626,PONDY OXIDES & CHEMICALS LTD.,3628.67
532256,NALWA SONS INVESTMENTS LTD.,3625.95
544525,GK ENERGY LIMITED,3623.11
541336,IndoStar Capital Finance Limit,3616.05
500235,KALYANI STEELS LTD.,3613.67
540725,Share India Securities Limited,3613.67
543325,Rolex Rings Limited,3594.1
540025,Advanced Enzyme Technologies L,3589.91
509079,GUFIC BIOSCIENCES LTD.,3569.8
544355,Jubilant Agri and Consumer Pro,3564.34
542597,MSTC Limited,3560.82
506690,UNICHEM LABORATORIES LTD.,3559.31
543213,ROSSARI BIOTECH LIMITED,3550.48
543933,Cyient DLM Limited,3544.45
544066,SUNDARAM-CLAYTON LIMITED,3534.39
539837,RAGHAV PRODUCTIVITY ENHANCERS ,3524.7
500219,JAIN IRRIGATION SYSTEMS LTD.,3521.37
542919,Artemis Medicare Services Limi,3509.09
523319,BALMER LAWRIE & CO.LTD.,3502.04
542907,Prince Pipes and Fittings Limi,3484.09
500150,FOSECO INDIA LTD.,3478.1
513519,PITTI ENGINEERING LIMITED,3468.21
544161,D P ABHUSHAN LIMITED,3466.24
513262,STEEL STRIPS WHEELS LTD.,3462.41
533676,INDO THAI SECURITIES LTD.,3446.18
544333,STANDARD GLASS LINING TECHNOLO,3446.08
531719,BHAGIRADHA CHEMICALS & INDUSTR,3416.7
542857,Greenpanel Industries Limited,3385.76
526125,BN AGROCHEM LIMITED,3384.34
539889,Parag Milk Foods Limited,3382.94
503960,BHARAT BIJLEE LTD.,3380.5
544021,Protean eGov Technologies Limi,3368.59
533229,BAJAJ CONSUMER CARE LIMITED,3366.16
516072,VISHNU CHEMICALS LTD.,3361.51
544430,SAMBHV STEEL TUBES LIMITED,3361.35
500020,BOMBAY DYEING & MFG.CO.LTD.,3354.01
508989,NAVNEET EDUCATION LIMITED,3336.68
544319,SENORES PHARMACEUTICALS LIMITE,3322.1
501421,TechNVision Ventures Limited,3321.13
513228,PENNAR INDUSTRIES LTD.,3315.97
522215,HLE GLASCOAT LIMITED,3301.99
532967,KIRI INDUSTRIES LTD.,3294.3
524735,HIKAL LTD.,3280.94
544030,Flair Writing Industries Limit,3268.81
532732,KEWAL KIRAN CLOTHING LTD.,3258.66
540768,Mahindra Logistics Limited,3247.78
500414,TIMEX GROUP INDIA LTD.,3243.5
544095,EPACK Durable Limited,3237.94
544261,ARKADE DEVELOPERS LIMITED,3232.82
540544,PSP Projects Limited,3212.98
526951,STYLAM INDUSTRIES LIMITED,3179.36
544111,Apeejay Surrendra Park Hotels ,3176.07
543489,Gateway Distriparks Limited,3169.64
544379,Prabha Energy Limited,3167.47
539056,IMAGICAAWORLD ENTERTAINMENT LI,3165.57
533104,GLOBUS SPIRITS LTD.,3165.46
532900,PAISALO DIGITAL LIMITED,3164.11
544402,JASH ENGINEERING LIMITED,3161.82
543547,DDEV PLASTIKS INDUSTRIES LIMIT,3155.33
531120,PATEL ENGINEERING LTD.,3154.58
500444,West Coast Paper Mills Limited,3140.51
514167,GANESHA ECOSPHERE LTD.,3140.51
532054,KDDL LTD.,3133.72
524051,POLYPLEX CORPORATION LTD.,3127.18
543288,Deep Industries Limited,3126.39
502090,SAGAR CEMENTS LTD.,3123.06
503811,SIYARAM SILK MILLS LTD.,3120.89
544519,EURO PRATIK SALES LIMITED,3101.51
543272,Easy Trip Planners Limited,3093.16
517467,MARSONS LIMITED,3091.18
540136,HPL Electric & Power Limited,3080.51
512008,EFC (I) LIMITED,3074.39
539895,SPICE LOUNGE FOOD WORKS LIMITE,3068.54
523716,ASHIANA HOUSING LTD.,3067.65
523301,TCPL PACKAGING LTD.,3066.47
544457,Brigade Hotel Ventures Limited,3050.31
522281,RAM RATNA WIRES LTD.,3030.19
541163,Sandhar Technologies Limited,3029.5
539450,S H Kelkar and Company Limited,3022.18
526650,TOURISM FINANCE CORPORATION OF,3021.88
534535,STRING METAVERSE LIMITED,3018.5
500215,SUNDROP BRANDS LIMITED,3007.23
513269,MAN INDUSTRIES (INDIA) LTD.,2982.89
539658,TeamLease Services Limited,2980.96
539042,AGI Infra Limited,2977.77
500730,NOCIL LTD.,2973.76
542727,CITY PULSE MULTIVENTURES LIMIT,2955.59
543983,EMS LIMITED,2948.9
500412,THIRUMALAI CHEMICALS LTD.,2947.77
526247,PREMIER EXPLOSIVES LTD.,2945.27
530073,SANGHVI MOVERS LTD.,2895.44
505744,FEDERAL-MOGUL GOETZE (INDIA) L,2881.29
524394,VIMTA LABS LTD.,2881.09
513097,SHIVALIK BIMETAL CONTROLS LTD.,2880.21
533333,FINEOTEX CHEMICAL LTD.,2879.74
544055,Muthoot Microfin Limited,2850.05
539301,Arvind SmartSpaces Limited,2845.72
500097,DALMIA BHARAT SUGAR AND INDUST,2842.56
539686,K.P. Energy Limited,2840.88
517300,GUJARAT INDUSTRIES POWER CO.LT,2839.19
543652,FUSION FINANCE LIMITED,2828.67
506022,PRAKASH INDUSTRIES LTD.,2822.49
530943,SRI ADHIKARI BROTHERS TELEVISI,2818.26
542333,RPSG VENTURES LIMITED,2818.13
543321,Tatva Chintan Pharma Chem Limi,2815.35
524164,IOL CHEMICALS & PHARMACEUTICAL,2803.72
500032,BAJAJ HINDUSTHAN SUGAR LIMITED,2801.47
532430,BF UTILITIES LTD.,2798.04
514446,LS INDUSTRIES LTD.,2780.06
532369,RAMCO INDUSTRIES LTD.,2777.89
509243,TVS SRICHAKRA LTD.,2772.84
533644,UJAAS ENERGY LIMITED,2771.53
544540,Epack Prefab Technologies Limi,2768.41
532368,BRIGHTCOM GROUP LIMITED,2761.81
532486,POKARNA LTD.,2760.18
531508,EVEREADY INDUSTRIES INDIA LTD.,2753.01
544320,CARRARO INDIA LIMITED,2750.61
530367,NRB BEARINGS LTD.,2749.61
522064,HONDA INDIA POWER PRODUCTS LIM,2747.49
500288,MOREPEN LABORATORIES LTD.,2738.56
504036,HIND RECTIFIERS LTD.,2738.37
543528,Venus Pipes & Tubes Limited,2734.7
524667,SAVITA OIL TECHNOLOGIES LTD.,2728.01
532749,ALLCARGO LOGISTICS LTD.,2727.26
522101,KILBURN ENGINEERING LTD.,2722.47
541540,SOLARA ACTIVE PHARMA SCIENCES ,2718.13
500108,MAHANAGAR TELEPHONE NIGAM LTD.,2707.52
504341,RAVINDRA ENERGY LIMITED,2706.12
506235,ALEMBIC LTD.,2701.78
504212,UNIVERSAL CABLES LTD.,2698.04
544413,Digitide Solutions Limited,2689.81
534600,JTL INDUSTRIES LIMITED,2677.2
526570,MIDWEST GOLD LTD.,2666.49
503681,ELCID INVESTMENTS LTD.,2665.25
543942,UTKARSH SMALL FINANCE BANK LIM,2663.47
500191,HMT LTD.,2662.26
531209,NUCLEUS SOFTWARE EXPORTS LTD.,2660.29
505010,AUTOMOTIVE AXLES LTD.,2654.56
526947,LA OPALA RG LTD.,2649.81
543650,DCX Systems Limited,2626.4
542905,Hindware Home Innovation Limit,2612.59
532612,INDOCO REMEDIES LTD.,2608.28
544532,Solarworld Energy Solutions Li,2602.48
522029,WINDSOR MACHINES LTD.,2601.95
532390,TAJGVK HOTELS & RESORTS LTD.,2598.97
534392,VARDHMAN SPECIAL STEELS LTD.,2598.1
543686,Sirca Paints India Limited,2597.55
532722,NITCO LTD.,2594.84
544496,Vikran Engineering Limited,2592.09
543989,Sai Silks (Kalamandir) Limited,2591.14
511551,Monarch Networth Capital Limit,2589.46
543328,Krsnaa Diagnostics Limited,2588.85
544150,KP GREEN ENGINEERING LIMITED,2588.2
542866,COLAB PLATFORMS LIMITED,2579.68
543273,Knowledge Marine & Engineering,2578.86
524091,CARYSIL LIMITED,2577.15
540212,TCI Express Limited,2572.52
507514,SOM DISTILLERIES & BREWERIES L,2564.68
538734,CEINSYS TECH LIMITED,2540.31
500052,BHANSALI ENGINEERING POLYMERS,2537.28
533162,HATHWAY CABLE & DATACOM LTD,2503.84
535322,REPCO HOME FINANCE LTD.,2495.04
544291,RAJESH POWER SERVICES LIMITED,2494.32
519183,ADF FOODS LTD.,2490.84
531349,PANACEA BIOTEC LTD.,2480.34
531449,GRM OVERSEAS LTD.,2474.87
540724,Prataap Snacks Limited,2468.17
540710,Capacit'e Infraprojects Limite,2455.26
544294,Rossell Techsys Limited,2450.42
526227,FILATEX INDIA LTD.,2448.06
532815,SMS PHARMACEUTICALS LTD.,2445.86
500227,JINDAL POLY FILMS LTD.,2436.04
523606,SIKA INTERPLANT SYSTEMS LTD.,2417.41
519091,TASTY BITE EATABLES LTD.,2411.58
532859,HINDUJA GLOBAL SOLUTIONS LTD.,2398.64
543972,Aeroflex Industries Limited,2398.27
500147,JOHN COCKERILL INDIA LIMITED,2395.66
533080,MOLD-TEK PACKAGING LIMITED,2395.08
512237,JAI CORP LTD.,2393.55
508814,Cosmo First Limited,2386.74
533344,PTC INDIA FINANCIAL SERVICES L,2378.64
544470,M & B ENGINEERING LIMITED,2370.21
544042,Bajel Projects Limited,2359.94
500365,WELSPUN SPECIALTY SOLUTIONS LI,2352.48
544664,KSH INTERNATIONAL LIMITED,2350.45
500306,Jaykay Enterprises Limited,2346.77
532851,INSECTICIDES (INDIA) LTD.,2346.45
540797,Shalby Limited,2339.83
543214,NDR Auto Components Limited,2332.62
526783,DR.AGARWALS EYE HOSPITAL LTD.,2330.94
543386,Fino Payments Bank Limited,2328.19
500314,ORIENTAL HOTELS LTD.,2327.85
544243,Baazar Style Retail Limited,2324.74
544142,Shipping Corporation of India ,2324.46
523385,NILKAMAL LTD.,2320.82
543714,LANDMARK CARS LIMITED,2319.38
523127,EIH ASSOCIATED HOTELS LTD.,2318.42
543311,India Pesticides Limited,2315.13
533306,SUMMIT SECURITIES LTD.,2310.59
526807,SEAMEC LTD.,2287.82
522249,MAYUR UNIQUOTERS LTD.,2285.84
532661,RANE (MADRAS) LTD.,2283.04
543992,YATRA ONLINE LIMITED,2276.78
513517,STEELCAST LTD.,2226.19
523838,SIMPLEX INFRASTRUCTURES LTD.,2223.5
506109,GENESYS INTERNATIONAL CORPORAT,2221.78
500672,NOVARTIS INDIA LTD.,2216.26
532945,SEPC LIMITED,2212.97
532309,GE Power India Ltd,2211.24
533302,KALYANI INVESTMENT COMPANY LTD,2203.64
500168,GOODYEAR INDIA LTD.,2198.23
544386,Spectrum Electrical Industries,2192.64
539199,SG FINSERVE LIMITED,2185.2
544224,Afcom Holdings Limited,2184.69
543711,Sula Vineyards Limited,2183.95
505504,GHV INFRA PROJECTS LIMITED,2183.85
533267,CANTABIL RETAIL INDIA LTD.,2160.62
532848,DELTA CORP LTD.,2142.87
544599,Studds Accessories Limited,2142.25
532663,Sasken Technologies Limited,2140.08
505800,RANE HOLDINGS LTD.,2138.11
514234,SANGAM (INDIA) LTD.,2137.34
500186,HINDUSTAN OIL EXPLORATION CO.L,2136.58
543260,STOVE KRAFT LIMITED,2113.06
532285,Geojit Financial Services Limi,2112.35
543932,IDEAFORGE TECHNOLOGY LIMITED,2105.41
506373,CITURGIA BIOCHEMICALS LTD.,2089.75
532268,ACCELYA SOLUTIONS INDIA LIMITE,2080.46
544119,Rashi Peripherals Limited,2079.76
505196,TIL LTD.,2074.72
523261,VENKYS (INDIA) LTD.,2074.12
541167,YASHO INDUSTRIES LIMITED,2070.87
512068,DECCAN GOLD MINES LTD.,2070.5
543449,WONDER ELECTRICALS LIMITED,2069.93
541403,Dollar Industries Limited,2069.57
504741,INDIAN HUME PIPE CO.LTD.,2067.06
523618,DREDGING CORPORATION OF INDIA,2065.01
543331,Meghmani Organics Limited,2064.57
500117,DCW LTD.,2058.7
543411,HI-TECH PIPES LIMITED,2045.05
517035,RIR POWER ELECTRONICS LIMITED,2044.16
502157,MANGALAM CEMENT LTD.,2043.32
511742,UGRO CAPITAL LIMITED,2039.54
543514,Veranda Learning Solutions Lim,2036.66
544512,SHRINGAR HOUSE OF MANGALSUTRA ,2031.32
523694,APCOTEX INDUSTRIES LTD.,2027.33
530131,UDAIPUR CEMENT WORKS LTD.,2017.01
507488,G.M.BREWERIES LTD.,2016.69
538920,VINTAGE COFFEE AND BEVERAGES L,2001.87
544305,One Mobikwik Systems Limited,1997.81
500333,PIX TRANSMISSIONS LTD.,1989.6
539921,Shanti Educational Initiatives,1984.28
543689,Uniparts India Limited,1983.78
517522,RAJRATAN GLOBAL WIRE LTD.,1981.37
544133,EXICOM TELE-SYSTEMS LIMITED,1968.41
500068,DISA INDIA LTD.,1968.19
532240,INDIA NIPPON ELECTRICALS LTD.,1965.41
543230,ADVAIT ENERGY TRANSITIONS LIMI,1963.55
500460,MUKAND LTD.,1959.86
531548,SOMANY CERAMICS LTD.,1951.78
540795,Dynamic Cables Limited,1945.79
504112,NELCO LTD.,1937.94
543812,DIVGI TORQTRANSFER SYSTEMS LIM,1937.18
532650,MSP STEEL & POWER LTD.,1935.44
542759,Spandana Sphoorty Financial Li,1927.73
532686,KERNEX MICROSYSTEMS (INDIA) LT,1925.51
533257,INDOSOLAR LTD.,1923.16
543542,KESAR INDIA LIMITED,1920.19
532698,NITIN SPINNERS LTD.,1920.11
532930,BGR ENERGY SYSTEMS LTD.,1914.65
543329,Windlas Biotech Limited,1909.71
526506,SYSTEMATIX CORPORATE SERVICES,1903.44
507526,ASSOCIATED ALCOHOLS & BREWERIE,1902.01
523862,GRAND OAK CANYONS DISTILLERY L,1899.4
532370,RAMCO SYSTEMS LTD.,1895.56
532775,GTL INFRASTRUCTURE LTD.,1892.32
540048,S.P. Apparels Limited,1891.7
544456,R M DRIP AND SPRINKLERS SYSTEM,1890.91
535136,NIBE LIMITED,1887.33
505725,ALGOQUANT FINTECH LIMITED,1876.41
544339,Laxmi Dental Limited,1875.06
512038,TCC CONCEPT LIMITED,1874.95
524820,PANAMA PETROCHEM LTD.,1853.53
532717,INDO TECH TRANSFORMERS LTD.,1848.4
544479,ALL TIME PLASTICS LIMITED,1847.38
531717,Vidhi Specialty Food Ingredien,1840.84
505412,WENDT (INDIA) LTD.,1831.51
507878,UNITECH LTD.,1824.77
544053,Motisons Jewellers Limited,1811.27
544198,DEE DEVELOPMENT ENGINEERS LIMI,1810.55
517041,ADOR WELDING LTD.,1803.87
544271,Garuda Construction and Engine,1801.35
522195,FRONTIER SPRINGS LTD.,1799.36
532485,BALMER LAWRIE INVESTMENTS LTD.,1791.69
517015,VINDHYA TELELINKS LTD.,1780.32
539636,Precision Camshafts Limited,1777.65
533138,ASTEC LIFESCIENCES LIMITED,1772.92
505160,TALBROS AUTOMOTIVE COMPONENTS,1760.73
540774,IFGL Refractories Limited,1755.35
544107,BLS E-Services Limited,1750.76
533303,BF INVESTMENT LTD.,1739.72
539332,Navkar Corporation Limited,1732.62
500402,SPML INFRA LIMITED,1724.94
513250,JYOTI STRUCTURES LTD.,1722.25
544138,J.G.Chemicals Limited,1716.87
506480,GOCL Corporation Limited,1716.81
509820,HUHTAMAKI INDIA LIMITED,1716.2
532742,PAUSHAK LTD.,1712.59
539678,Quick Heal Technologies Limite,1709.03
543619,Concord Control Systems Limite,1706.23
532366,PNB GILTS LTD.,1702.06
511034,JINDAL DRILLING & INDUSTRIES L,1701.34
533146,D-LINK (INDIA) LTD,1697.04
521238,BHARAT GLOBAL DEVELOPERS LIMIT,1684.25
506197,BLISS GVS PHARMA LTD.,1677.94
544217,SANSTAR LIMITED,1673.59
526521,SANGHI INDUSTRIES LTD.,1673.48
533121,EXPLEO SOLUTIONS LIMITED,1667.15
539682,Mobavenue AI Tech Limited,1660.18
523105,CROPSTER AGRO LIMITED,1655.35
502450,SESHASAYEE PAPER & BOARDS LTD.,1652.9
533137,DEN NETWORKS LTD,1652.67
507747,TTK HEALTHCARE LTD.,1651.11
539309,Rama Steel Tubes Limited,1649.51
544316,DAM Capital Advisors Limited,1649.36
543590,Rhetan TMT Limited,1646.44
542774,MUFIN GREEN FINANCE LIMITED,1644.59
531179,ARMAN FINANCIAL SERVICES LTD.,1643.83
506194,ARIHANT SUPERSTRUCTURES LIMITE,1643.64
539404,SATIN CREDITCARE NETWORK LIMIT,1640.41
522257,RAJOO ENGINEERS LTD.,1629.7
522261,DOLPHIN OFFSHORE ENTERPRISES (,1624.88
544202,STANLEY LIFESTYLES LIMITED,1619
544167,JNK India Limited,1613.79
543399,Tarsons Products Limited,1608.4
514043,HIMATSINGKA SEIDE LTD.,1604.64
522241,M.M.FORGINGS LTD.,1599.7
544037,Amic Forging Limited,1599.51
530475,TINNA RUBBER AND INFRASTRUCTUR,1597.34
543953,Khazanchi Jewellers Limited,1594.59
543996,Updater Services Limited,1587.27
524470,SYNCOM FORMULATIONS (INDIA) LT,1586.11
517380,IGARASHI MOTORS INDIA LTD.,1585.3
533263,ORIENT GREEN POWER COMPANY LTD,1580.25
506618,PUNJAB CHEMICALS AND CROP PROT,1578.61
511768,MASTER TRUST LTD.,1577.73
544293,SURAKSHA DIAGNOSTIC LIMITED,1576.68
543263,SMC Global Securities Limited,1576.49
544459,SHANTI GOLD INTERNATIONAL LIMI,1572.34
531761,APOLLO PIPES LIMITED,1571.81
543923,IKIO Technologies Limited,1569.26
543254,Antony Waste Handling Cell Lim,1565.16
544342,Stallion India Fluorochemicals,1564.21
544239,ECOS (India) Mobility & Hospit,1557.05
532705,JAGRAN PRAKASHAN LTD.,1556.82
533552,RUPA & COMPANY LTD.,1551
532880,OMAXE LTD.,1548.73
543419,Shriram Properties Limited,1548.36
544523,IVALUE INFOSOLUTIONS LIMITED,1547.01
524669,HESTER BIOSCIENCES LTD.,1540.11
544336,Quadrant Future Tek Limited,1534.53
504092,INDOKEM LTD.,1533.18
543929,HMA Agro Industries Limited,1529.78
507789,JAGSONPAL PHARMACEUTICALS LTD.,1526.58
544134,Platinum Industries Limited,1522.6
504000,ELPRO INTERNATIONAL LTD.,1517.05
508954,FINKURVE FINANCIAL SERVICES LT,1515.62
544235,Orient Technologies Limited,1513.5
532684,EVEREST KANTO CYLINDER LTD.,1511.06
514448,JYOTI RESINS & ADHESIVES LTD.,1507.54
502330,ANDHRA PAPER LIMITED,1506.84
540642,Salasar Techno Engineering Lim,1504.65
544020,ESAF Small Finance Bank Ltd,1504.36
526829,CONFIDENCE PETROLEUM INDIA LTD,1497.91
501150,CENTRUM CAPITAL LTD.,1496.87
505526,DOLAT ALGOTECH LIMITED,1474.66
517500,ROTO PUMPS LTD.,1466.63
500304,NIIT LTD.,1466.46
512267,MEDIA MATRIX WORLDWIDE LTD.,1464.46
540717,Polo Queen Industrial and Fint,1460.01
524632,Shukra Pharmaceuticals Limited,1457.42
533761,GPT INFRAPROJECTS LTD.,1454.34
543279,Suryoday Small Finance Bank Li,1453.19
509675,BIRLANU LIMITED,1451.87
543977,Rishabh Instruments Limited,1450.22
530355,ASIAN ENERGY SERVICES LTD,1447.05
512020,SARASWATI COMMERCIAL (INDIA) L,1439.72
544029,Gandhar Oil Refinery (India) L,1437.75
523369,DCM SHRIRAM INDUSTRIES LTD.,1434.43
530927,HARYANA FINANCIAL CORPORATION,1434.23
539872,Bajaj Healthcare Limited,1433.17
500650,EXCEL INDUSTRIES LTD.,1433.1
539046,Manaksia Coated Metals & Indus,1432.09
531147,ALICON CASTALLOY LIMITED,1430.65
530307,CHAMAN LAL SETIA EXPORTS LTD.,1418.25
530699,RAJ RAYON INDUSTRIES LIMITED,1417.75
500207,INDO RAMA SYNTHETICS (INDIA) L,1415.74
530555,PARAMOUNT COMMUNICATIONS LTD.,1414.11
542012,A-1 LIMITED,1413.69
543974,VISHNU PRAKASH R PUNGLIA LIMIT,1412.67
517059,SALZER ELECTRONICS LTD.,1412.05
543389,Sigachi Industries Limited,1404.82
544310,Yash Highvoltage Limited,1399.53
532633,Alldigi Tech Limited,1397.37
532719,B.L.KASHYAP AND SONS LTD.,1397.19
514211,SUMEET INDUSTRIES LTD.,1394.64
544227,UNICOMMERCE ESOLUTIONS LIMITED,1391.76
544279,Godavari Biorefineries Limited,1389.99
543766,Ashika Credit Capital Ltd.,1388.82
506685,ULTRAMARINE & PIGMENTS LTD.,1388.38
543644,InfoBeans Technologies Limited,1386.21
523475,LOTUS CHOCOLATE CO.LTD.,1384.24
530879,CAPITAL INDIA FINANCE LIMITED,1383.88
544534,Jaro Institute of Technology M,1383.84
544054,Suraj Estate Developers Limite,1383.44
538836,Monte Carlo Fashions Limited,1370.95
532888,ASIAN GRANITO INDIA LTD.,1368.01
543517,Hariom Pipe Industries Limited,1366.1
502137,DECCAN CEMENTS LTD.,1358.21
522073,The Hi-Tech Gears Ltd,1353.61
540425,Shankara Building Products Lim,1351.09
543597,Virtuoso Optoelectronics Limit,1350.66
540124,G N A Axles Limited,1344.53
523445,RELIANCE INDUSTRIAL INFRASTRUC,1338.06
539221,Sportking India Ltd.,1331.97
500199,I G PETROCHEMICALS LTD.,1321.5
532923,RENAISSANCE GLOBAL LIMITED,1311.74
502180,SHREE DIGVIJAY CEMENT CO.LTD.,1309.36
543920,CFF FLUID CONTROL LIMITED,1307.78
544117,Signpost India Limited,1304.62
526173,ANDREW YULE & COMPANY LTD.,1302.09
532382,BALAJI TELEFILMS LTD.,1299.55
531795,ATUL AUTO LTD.,1290.98
531921,AGARWAL INDUSTRIAL CORPORATION,1288.78
544264,Diffusion Engineers Limited,1287.95
539289,Aurum PropTech Limited,1287.5
540718,AAYUSH ART AND BULLION LIMITED,1287.35
544120,Capital Small Finance Bank Ltd,1285.55
520008,RICO AUTO INDUSTRIES LTD.,1280.17
522108,YUKEN INDIA LTD.,1277.18
544446,Advent Hotels International Li,1273.03
517421,BUTTERFLY GANDHIMATHI APPLIANC,1271.32
532850,MIC ELECTRONICS LTD.,1264.77
530079,FAZE THREE LTD.,1264.42
539799,Bharat Wire Ropes Limited,1263.72
533156,VASCON ENGINEERS LTD,1263.51
507410,WALCHANDNAGAR INDUSTRIES LTD.,1263.27
505400,TEXMACO INFRASTRUCTURE & HOLDI,1260.08
544258,Western Carriers (India) Limit,1258.64
543266,Heranba Industries Limited,1250.87
530075,Antelopus Selan Energy Limited,1250.59
507753,TGV SRAAC Limited,1249.9
539469,PANORAMA STUDIOS INTERNATIONAL,1249.83
544184,Borosil Scientific Limited,1248.79
506390,Heubach Colorants India Limite,1245.19
544131,GPT Healthcare Limited,1244.57
544004,IRM ENERGY LIMITED,1243.6
539334,Shree Pushkar Chemicals & Fert,1240.07
544492,MANGAL ELECTRICAL INDUSTRIES L,1239.84
540602,GTPL Hathway Limited,1238.63
532699,ROYAL ORCHID HOTELS LTD.,1238.2
500439,VARDHMAN HOLDINGS LTD.,1234.32
509438,BENARES HOTELS LTD.,1232.37
532365,DYNACONS SYSTEMS & SOLUTIONS L,1231.04
544364,Indef Manufacturing Limited,1229.93
534369,TRIBHOVANDAS BHIMJI ZAVERI LTD,1229.44
544395,STL Networks Limited,1227.51
544419,ArisInfra Solutions Limited,1225.87
539607,Blue Cloud Softech Solutions L,1224.18
532067,3B BlackBio Dx Limited,1218.93
522295,CONTROL PRINT LTD.,1218.34
532624,JINDAL PHOTO LTD.,1215.94
526608,ELECTROTHERM (INDIA) LTD.,1213.01
544281,A B INFRABUILD LIMITED,1208.71
538668,Meghna Infracon Infrastructure,1206.89
544158,SRM CONTRACTORS LIMITED,1206.43
544253,Kross Limited,1200.45
519602,KELLTON TECH SOLUTIONS LTD.,1194.47
520073,RACL Geartech Limited,1191.62
543928,Cosmic CRF Limited,1190.86
506248,AMINES & PLASTICIZERS LTD.,1190.62
534742,ZUARI AGRO CHEMICALS LTD.,1186.85
534748,STEEL EXCHANGE INDIA LTD.,1186.39
544448,Pashupati Cotspin Limited,1180.47
505036,AUTOMOBILE CORPORATION OF GOA,1177.38
544414,Bluspring Enterprises Limited,1173.09
500268,MANALI PETROCHEMICAL LTD.,1165.74
523736,Dhunseri Ventures Limited,1162.2
531381,ARIHANT FOUNDATIONS & HOUSING,1158.99
524332,BCL INDUSTRIES LIMITED,1158.2
507944,BAJAJ STEEL INDUSTRIES LTD.,1157.68
532864,NELCAST LTD.,1155.34
544536,Wealth First Portfolio Manager,1153.57
523708,EIMCO ELECON (INDIA) LTD.,1152.94
531847,ASIAN STAR CO.LTD.,1149.83
532408,MEGASOFT LTD.,1146.2
500078,ORIENTAL AROMATICS LIMITED,1142.48
524520,KMC SPECIALITY HOSPITALS (INDI,1141.34
530759,STERLING TOOLS LTD.,1139.58
502175,SAURASHTRA CEMENT LTD.,1132.91
544491,Gem Aromatics Limited,1132.13
509152,GRP LTD.,1130.54
544617,Excelsoft Technologies Limited,1123.24
532341,IZMO Limited,1119.15
544410,PROSTARM INFO SYSTEMS LIMITED,1118.68
544631,CREATIVE NEWTECH LIMITED,1116.26
540980,The Yamuna Syndicate Ltd,1113.44
540704,Matrimony.com Limited,1111.75
532051,SWELECT ENERGY SYSTEMS LIMITED,1110.23
539785,Pudumjee Paper Products Limite,1109.52
508933,AYM Syntex Limited,1108.29
531092,OM INFRA LIMITED,1102.04
530643,ECO RECYCLING LTD.,1100.35
500136,ESTER INDUSTRIES LTD.,1097.79
540776,5paisa Capital Limited,1094.33
544633,VIDYA WIRES LIMITED,1094.22
503031,PENINSULA LAND LTD.,1089.89
526666,BHARTIYA INTERNATIONAL LTD.,1088.49
544318,MAMATA MACHINERY LIMITED,1086.33
543712,ABANS FINANCIAL SERVICES LIMIT,1081.16
531426,TAMIL NADU NEWSPRINT & PAPERS,1077.88
544528,Ganesh Consumer Products Limit,1077.03
500264,MAFATLAL INDUSTRIES LTD.,1076.4
519105,AVT NATURAL PRODUCTS LTD.,1074.96
543223,Max India Limited,1074.95
523207,KOKUYO CAMLIN LTD.,1074.41
531633,LINCOLN PHARMACEUTICALS LTD.,1064.58
511413,CREST,1062.87
530199,THEMIS MEDICARE LTD.,1062.25
501298,INDUSTRIAL & PRUDENTIAL INVEST,1060.12
531859,ORIENTAL RAIL INFRASTRUCTURE L,1051.31
500280,CENTURY ENKA LTD.,1051.26
511605,ARIHANT CAPITAL MARKETS LTD.,1050.89
500429,UNIPHOS ENTERPRISES LTD.,1050.22
532180,DHANLAXMI BANK LIMITED,1049.7
544411,Scoda Tubes Limited,1047.78
544328,INDO FARM EQUIPMENT LIMITED,1045.49
542725,SBC EXPORTS LIMITED,1044.69
544315,Concord Enviro Systems Limited,1043.77
540125,Radhika Jeweltech Limited,1038.06
539997,Kwality Pharmaceuticals Limite,1035.01
544302,Innovana Thinklabs Limited,1034.55
532529,NEW DELHI TELEVISION LTD.,1030.03
543252,Fairchem Organics Limited,1026.86
507794,KHAITAN CHEMICALS & FERTILIZER,1024.92
507912,LKP FINANCE LIMITED,1024.37
515043,SAINT-GOBAIN SEKURIT INDIA LTD,1022.22
511628,FEDDERS HOLDING LIMITED,1022.12
506597,AMAL LTD.,1021.65
511076,AEROFLEX ENTERPRISES LIMITED,1019.39
508807,IST LTD.,1014.68
524648,INDO AMINES LTD.,1014.68
543687,Dharmaj Crop Guard Limited,1014.09
523229,BHARAT SEATS LTD.,1013.39
544244,Gala Precision Engineering Lim,1012.82
539290,Oswal Greentech Limited,1012.66
542669,BMW INDUSTRIES LIMITED,1009.51
538119,R&B DENIMS LTD,1004.25
544345,Denta Water and Infra Solution,1002.9
513536,GUJARAT NATURAL RESOURCES LIMI,998.42
531637,PRAVEG LIMITED,997.82
532842,SREE RAYALASEEMA HI-STRENGTH H,996.33
513108,GANDHI SPECIAL TUBES LTD.,995.27
544416,KRISHIVAL FOODS LIMITED,989.33
544558,Fabtech Technologies Limited,988.66
512233,JAYBHARAT TEXTILES & REAL ESTA,986.71
532729,UTTAM SUGAR MILLS LTD.,980.51
532616,XCHANGING SOLUTIONS LTD.,979.18
536773,JINDAL POLY INVESTMENT AND FIN,977.13
500317,OSWAL AGRO MILLS LTD.,976.86
539956,TAAL Enterprises Limited,976.21
543709,PNGS GARGI FASHION JEWELLERY L,971.74
543995,MANOJ VAIBHAV GEMS 'N' JEWELLE,971.2
532875,ALLIED DIGITAL SERVICES LTD.,969.13
534328,HEXA TRADEX LTD.,968.17
522229,TANEJA AEROSPACE & AVIATION LT,967.78
532457,GULSHAN POLYOLS LTD.,965.3
543525,Silver Touch Technologies Limi,961.03
520066,JAY BHARAT MARUTI LTD.,960.43
532937,KUANTUM PAPERS LTD.,960.11
500777,TAMILNADU PETROPRODUCTS LTD.,956.31
511676,GIC HOUSING FINANCE LTD.,955.28
500337,PRIME SECURITIES LTD.,954.54
507438,IFB AGRO INDUSTRIES LTD.,953.91
506414,FERMENTA BIOTECH LIMITED,952.39
532974,ADITYA BIRLA MONEY LTD.,950.88
544144,Popular Vehicles and Services ,945.49
532345,ALLCARGO GATI LIMITED,945.43
502168,NCL INDUSTRIES LTD.,945.07
533259,Sastasundar Ventures Limited,943.92
543725,Elin Electronics Limited,941.71
532143,SKM EGG PRODUCTS EXPORT (INDIA,940.89
511431,VAKRANGEE LIMITED,940.43
500780,Zuari Industries Limited,939.25
508906,EVEREST INDUSTRIES LTD.,936.49
538992,Sar  Auto Products Limited,935.27
508929,AVISHKAR INFRA REALTY LIMITED,935.18
543240,Likhitha Infrastructure Limite,934.11
544485,REGAAL RESOURCES LIMITED,930.77
532513,TVS ELECTRONICS LTD.,925.47
543283,UNITED FOODBRANDS LIMITED,924.84
530245,ARYAMAN FINANCIAL SERVICES LTD,924.18
544522,A B Cotspin India Limited,921.02
540145,Valiant Organics Limited,920.72
505163,Z.F.STEERING GEAR (INDIA) LTD.,907.59
539018,Beekay Steel Industries Ltd.,907.21
544186,Forbes Precision Tools and Mac,906.9
509960,U.P.HOTELS LTD.,905.35
524109,KABRA EXTRUSIONTECHNIK LTD.,903.37
533477,ENKEI WHEELS (INDIA) LTD.,898.4
516064,Arrow Greentech Limited,895.46
541096,Bharat Parenterals Limited,895.3
539660,BEST AGROLIFE LIMITED,894.76
532839,DISH TV INDIA LTD.,893.78
532902,CONSOLIDATED CONSTRUCTION CONS,892.59
507836,MAC CHARLES (INDIA) LTD.,889.47
519152,VADILAL ENTERPRISES LTD.,888.79
543931,VEEFIN SOLUTIONS LIMITED,888.37
532515,TV TODAY NETWORK LTD.,888.03
541269,Chemfab Alkalis Ltd,885.62
526725,SANDESH LTD.,885.35
531357,MERCURY EV-TECH LIMITED,876.61
523160,MORGANITE CRUCIBLE (INDIA) LTD,876.22
506260,ANUH PHARMA LTD.,876.19
543898,BEML Land Assets Limited,875.12
513554,MAHAMAYA STEEL INDUSTRIES LTD.,874.32
532467,HAZOOR MULTI PROJECTS LTD.,874.18
500119,DHAMPUR SUGAR MILLS LTD.,872.79
533285,RDB INFRASTRUCTURE AND POWER L,870.82
532323,SHIVA CEMENT LTD.,870.23
544516,AIRFLOA RAIL TECHNOLOGY LIMITE,868.55
532532,JAIPRAKASH ASSOCIATES LTD.,859.52
520059,MUNJAL AUTO INDUSTRIES LTD.,855.23
540649,AVADH SUGAR & ENERGY LIMITED,854.55
524774,NGL FINE-CHEM LTD.,852.68
538635,SNOWMAN LOGISTICS LTD,852.04
537259,SUYOG TELEMATICS LTD,850.79
506808,TUTICORIN ALKALI CHEMICALS AND,849.7
540311,JITF INFRALOGISTICS LIMITED,845.96
533336,DHUNSERI INVESTMENTS LTD.,844.92
544149,KRYSTAL INTEGRATED SERVICES LI,843.91
513121,ORICON ENTERPRISES LTD.,842.19
533316,STEL HOLDINGS LIMITED,840.33
541929,Synergy Green Industries Limit,838.81
512229,VERITAS (INDIA) LTD.,838.27
524212,WANBURY LTD.,835.69
543233,Chemcon Speciality Chemicals L,834.15
530803,Bhageria Industries Limited,831.45
520119,AUTOMOTIVE STAMPINGS & ASSEMBL,830.1
526885,SARLA PERFORMANCE FIBERS LTD.,829.54
540061,Bigbloc Construction Limited,828.29
539436,Coffee Day Enterprises Limited,827.76
543978,Ratnaveer Precision Engineerin,827.48
522122,VOITH PAPER FABRICS INDIA LTD.,824.4
544563,Zelio E Mobility Limited,819.28
511333,VLS FINANCE LTD.,818.92
544666,GUJARAT KIDNEY AND SUPER SPECI,817.6
507155,JAGATJIT INDUSTRIES LTD.,815.01
532503,RAJAPALAYAM MILLS LTD.,813.34
531978,AMBIKA COTTON MILLS LTD.,810.66
523796,VICEROY HOTELS LTD.,809.69
504132,PERMANENT MAGNETS LTD.,809.45
530499,A.K.CAPITAL SERVICES LTD.,807.55
532893,VTM LTD.,807.38
543831,Bright Outdoor Media Limited,806.4
544296,NISUS FINANCE SERVICES CO LIMI,805.34
523329,ELDECO HOUSING & INDUSTRIES LT,805.14
524342,INDO BORAX & CHEMICALS LTD.,804.53
544562,Advance Agrolife Limited,804.22
539843,NINtec Systems Limited,801.54
524370,BODAL CHEMICALS LTD.,799.8
539400,MALLCOM (INDIA) LTD.,799.54
544135,Mukka Proteins Limited,799.28
506687,TRANSPEK INDUSTRY LTD.,793.71
544058,Credo Brands Marketing Limited,792.46
543954,Allcargo Terminals Limited,792.13
526668,KAMAT HOTELS (INDIA) LTD.,791.72
526775,VALIANT COMMUNICATIONS LTD.,787.49
539201,SATIA INDUSTRIES LIMITED,787.18
532610,DWARIKESH SUGAR INDUSTRIES LTD,787.11
533193,KIRLOSKAR ELECTRIC COMPANY LTD,787.01
542383,Ritco Logistics Limited,786.73
532741,Kamdhenu Limited,786.05
500296,NAHAR SPINNING MILLS LTD.,785.97
539151,Arfin India Limited,784.63
506532,NITTA GELATIN INDIA LTD.,781.16
505358,INTEGRA ENGINEERING INDIA LTD.,778.93
540692,Apex Frozen Foods Limited,778.33
524280,KOPRAN LTD.,777.89
519421,KSE LTD.,775.77
540650,Magadh Sugar & Energy Limited,774.42
542721,Anand Rayons Limited,772.92
544458,SHREE REFRIGERATIONS LIMITED,772.21
544487,PATEL RETAIL LIMITED,771.84
533022,20 MICRONS LTD.,771.22
503169,RUBY MILLS LTD.,767.54
543918,GHCL Textiles Limited,767.5
531359,SHRIRAM ASSET MANAGEMENT CO.LT,767.22
530845,SUNSHIELD CHEMICALS LTD.,764.89
512531,STATE TRADING CORPORATION OF I,763.85
534675,PROZONE REALTY LIMITED,763.3
517166,SPEL SEMICONDUCTOR LTD.,763.06
531241,LINC LIMITED,762.28
543955,Transindia Real Estate Limited,760.01
531771,SHRADDHA PRIME PROJECTS LTD,759.98
512453,SHRI JAGDAMBA POLYMERS LTD.,758.2
533470,RUSHIL DECOR LTD.,753.68
543599,Ksolves India Limited,753.62
523850,AXTEL INDUSTRIES LTD.,753.29
538451,WORTH INVESTMENT & TRADING CO,752.67
544465,LAXMI INDIA FINANCE LIMITED,752.54
532764,GEECEE VENTURES LIMITED,752.06
500193,HLV LIMITED,751.12
544406,UNIFIED DATA TECH SOLUTIONS LI,745.42
530023,THE INVESTMENT TRUST OF INDIA ,743.27
517556,PVP VENTURES LTD.,741.61
542684,Prakash Pipes Limited,740.4
500350,RSWM LTD.,734.14
506405,DMCC SPECIALITY CHEMICALS LIMI,732.99
531035,ERAAYA LIFESPACES LIMITED,732.07
539148,Shivalik Rasayan Ltd.,727.49
544136,R K Swamy Limited,726.61
523391,NAHAR POLYFILMS LTD.,726.47
532348,SUBEX LTD.,723.65
526953,VENUS REMEDIES LTD.,723.31
532993,SEJAL GLASS LIMITED,722.74
538598,VISHAL FABRICS LTD,722.74
543688,Sarveshwar Foods Limited,722.49
543787,Macfos Limited,722.47
540358,RMC SWITCHGEARS LIMITED,722.23
532794,ZEE MEDIA CORPORATION LIMITED,718.92
532687,REPRO INDIA LTD.,718.84
542351,Gloster Ltd,717.96
517344,MINDTECK (INDIA) LTD.,717.07
516082,N.R.AGARWAL INDUSTRIES LTD.,717.02
544497,ANLON HEALTHCARE LIMITED,716.91
541276,HARDWYN INDIA LIMITED,714.59
511421,PINE ANIMATION LIMITED,709.12
543591,DREAMFOLKS SERVICES LIMITED,707.83
500240,KINETIC ENGINEERING LTD.,707.54
517536,ONWARD TECHNOLOGIES LTD.,705.06
544354,SOLARIUM GREEN ENERGY LIMITED,704.9
532310,SHREE RAMA MULTI-TECH LTD.,704.87
512014,SOBHAGYA MERCHANTILE LTD.,702.16
532141,ANDHRA CEMENTS LTD.,699.78
524330,JAYANT AGRO-ORGANICS LTD.,698.94
532475,APTECH LTD.,696.93
544262,Manba Finance Limited,695.73
543378,CWD Limited,695.49
532906,MAAN ALUMINIUM LTD.,694.82
532737,EMKAY GLOBAL FINANCIAL SERVICE,694.58
538772,Niyogin Fintech Limited,693.38
526987,URJA GLOBAL LTD.,692.73
540735,IRIS RegTech Solutions Limited,689.59
509055,VISAKA INDUSTRIES LTD.,689.04
532305,IND-SWIFT LABORATORIES LTD.,685.87
532780,PARSVNATH DEVELOPERS LTD.,684.69
509635,HINDUSTAN COMPOSITES LTD.,683.53
532700,ENTERTAINMENT NETWORK (INDIA),683.02
516030,PAKKA LIMITED,682.97
500173,GFL LIMITED,680.87
523828,MENON BEARINGS LTD.,680.62
524717,TITAN BIOTECH LTD.,677.99
530067,CSL Finance Limited,677.52
500279,MIRC ELECTRONICS LTD.,674.66
543828,SUDARSHAN PHARMA INDUSTRIES LI,673.43
526817,CHEVIOT CO.LTD.,671.95
539195,POCL ENTERPRISES LTD,671.35
540737,Shree Ganesh Remedies Limited,670.77
543895,Exhicon Events Media Solutions,669.07
512025,BANGANGA PAPER INDUSTRIES LIMI,667.15
540497,S Chand And Company Limited,666.47
539300,SUNRAKSHAKK INDUSTRIES INDIA L,665.64
526423,KRITI INDUSTRIES (INDIA) LTD.,665.1
506166,APIS INDIA LTD.,664.84
524500,KILITCH DRUGS (INDIA) LTD.,664.06
520086,SICAL LOGISTICS LTD.,663.82
523411,ADC INDIA COMMUNICATIONS LIMIT,663
543324,Gretex Corporate Services Limi,662.88
544276,Deepak Builders and Engineers ,658.21
507552,FOODS & INNS LTD.,655.23
504864,ORISSA SPONGE IRON & STEEL LTD,653.59
504731,AZAD INDIA MOBILITY LIMITED,649.9
500023,ASIAN HOTELS (NORTH) LIMITED,649.88
539730,Fredun Pharmaceuticals Limited,647.62
504605,UNI ABEX ALLOY PRODUCTS LTD.,645.35
522134,ARTSON LIMITED,645.04
515008,MODERN INSULATORS LTD.,644.56
500153,GANESH BENZOPLAST LTD.,644.5
544432,Indogulf Cropsciences Limited,643.36
544404,BORANA WEAVES LIMITED,640.42
532016,ESPIRE HOSPITALITY LIMITED,639.31
509874,SHALIMAR PAINTS LTD.,638.52
543218,SURATWWALA BUSINESS GROUP LIMI,636.18
544254,Tolins Tyres Limited,635.3
509525,EMPIRE INDUSTRIES LTD.,634.89
544557,Glottis Limited,632.83
543363,Prevest Denpro Limited,632.79
532944,ONMOBILE,632.64
509709,INTERNATIONAL CONVEYORS LTD.,629.1
544451,MONIKA ALCOBEV LIMITED,628.14
542231,Nila Spaces Ltd,623.95
542770,Alphalogic Techsys Limited,623.68
521194,SIL INVESTMENTS LTD.,621.75
534425,SPECIALITY RESTAURANTS LTD.,619.5
544278,OCCL Limited,615.77
502958,LAKSHMI MILLS COMPANY LTD.,611.49
504240,DELTON CABLES LTD.,610.36
542670,Artemis Electricals and Projec,608.55
532782,SUTLEJ TEXTILES & INDUSTRIES L,607.94
543539,MODI'S NAVNIRMAN LIMITED,607.87
533284,RPP INFRA PROJECTS LTD.,606.15
539594,Mishtann Foods Limited,605.85
506852,Primo Chemicals Limited,605.67
543969,Pyramid Technoplast Limited,605.24
524316,HINDUSTAN PHOTO FILMS MFG.CO.L,602.6
539276,Kaya Limited,599.27
544187,KRONOX LAB SCIENCES LIMITED,596.73
511702,YOGI LIMITED,593.85
543732,Radiant Cash Management Servic,593.7
533217,HINDUSTAN MEDIA VENTURES LTD.,592.99
526586,WIM PLAST LTD.,592.93
533704,ESSAR SHIPPING LTD.,592.31
537750,KIRAN VYAPAR LTD,588.39
543416,Zodiac Energy Limited,588.26
533208,EMAMI PAPER MILLS LTD.,587.83
533152,MBL Infrastructure Ltd,586.01
538716,Aryaman Capital Markets Limite,584.39
517214,DIGISPICE TECHNOLOGIES LIMITED,584.37
519003,MODI NATURALS LIMITED,580.35
543373,Shri Venkatesh Refineries Limi,577.61
532662,HT MEDIA LTD.,577.11
532987,RANE BRAKE LINING LTD.,575.53
539986,Commercial Syn Bags Limited,574.27
532011,VASHU BHAGNANI INDUSTRIES LIMI,574.25
531638,SURAJ LTD.,573.57
515147,HALDYN GLASS LTD,572.95
543624,MAAGH ADVERTISING AND MARKETIN,571.98
526582,TPL PLASTECH LTD.,570.59
531889,INTEGRATED INDUSTRIES LIMITED,566.23
522650,BEMCO HYDRAULICS LTD.,565.9
505720,Hercules Investments Limited,563.73
544060,RBZ Jewellers Limited,563.55
544477,Highway Infrastructure Limited,562.74
544347,CLN ENERGY LIMITED,562.56
523558,SWISS MILITARY CONSUMER GOODS ,561.32
502420,ORIENT PAPER & INDUSTRIES LTD.,561.23
504176,HIGH ENERGY BATTERIES (INDIA),560.82
524037,RAMA PHOSPHATES LTD.,560.82
532708,GVK POWER & INFRASTRUCTURE LTD,559.17
526596,LIBERTY SHOES LTD.,558.1
541741,Fratelli Vineyards Limited,556.12
539399,Bella Casa Fashion & Retail Li,555.89
511082,MAA JAGDAMBE TRADELINKS LIMITE,552.5
544543,BMW VENTURES LIMITED,551.36
505232,VELJAN DENISON LIMITED,545.09
523269,ADVANI HOTELS & RESORTS (INDIA,544.46
543593,Dhampur Bio Organics Limited,543.51
526530,IIRM HOLDINGS INDIA LIMITED,541.89
514238,MKVENTURES CAPITAL LIMITED,541.7
530163,KERALA AYURVEDA LTD.,541.19
520043,MUNJAL SHOWA LTD.,539.6
530129,NILE LTD.,539.42
543638,Tracxn Technologies Limited,539.39
512626,ORBIT EXPORTS LTD.,539.07
535601,SREELEATHERS LTD.,538.93
513511,PANCHMAHAL STEEL LTD.,537.5
523792,MAZDA LTD.,535.95
522217,GUJARAT APOLLO INDUSTRIES LTD.,534.7
532721,VISA STEEL LTD.,533.54
526407,HAMPTON SKY REALTY LIMITED,533.43
520151,TRANSWORLD SHIPPING LINES LIMI,533.37
509220,PTL ENTERPRISES LTD.,532.98
500298,Naperol Investments Limited,532.83
544531,TRUE COLORS LIMITED,527.39
514183,BLACK ROSE INDUSTRIES LTD.,525.45
504220,W.S.INDUSTRIES (INDIA) LTD.,522.83
511589,AVONMORE CAPITAL & MANAGEMENT,522.47
544610,WORKMATES CORE2CLOUD SOLUTION ,522.12
544272,SHIV TEXCHEM LIMITED,521.56
524542,SUKHJIT STARCH & CHEMICALS LTD,517.6
524731,JENBURKT PHARMACEUTICALS LTD.,516.36
544273,MANGALAM GLOBAL ENTERPRISE LIM,516.29
512519,DONEAR INDUSTRIES LTD.,515.14
524480,RIDDHI SIDDHI GLUCO BIOLS LTD.,513.44
533982,TERA SOFTWARE LTD.,512.69
506261,MODISON LIMITED,511.5
524129,VINYL CHEMICALS (INDIA) LTD.,510.89
544461,Euro Panel Products Limited,510.62
530477,VIKRAM THERMO (INDIA) LTD.,509.73
500089,DIC INDIA LTD.,508.27
544499,Career Point Edutech Limited,507.09
540652,Captain Technocast Limited,506.04
526642,MIRZA INTERNATIONAL LTD.,505.83
540403,CL Educate Limited,504.21
523710,SAYAJI HOTELS LTD.,503.65
543915,Pavna Industries Limited,503.42
519136,NAHAR INDUSTRIAL ENTERPRISES L,502.38
543470,SoftTech Engineers Limited,502.03
532173,CYBERTECH SYSTEMS AND SOFTWARE,501.57
531146,MEDICAMEN BIOTECH LTD.,498.81
538446,MONEYBOXX FINANCE LIMITED,497.43
541358,UNIFINZ CAPITAL INDIA LIMITED,496.13
500179,HCL INFOSYSTEMS LTD.,495.78
530299,KOTHARI PRODUCTS LTD.,494.78
502865,FORBES & COMPANY LTD.,494.08
544204,VRAJ IRON AND STEEL LIMITED,491.36
531225,XTGLOBAL INFOTECH LIMITED,490.89
519397,SHARAT INDUSTRIES LTD.,490.68
530363,UGAR SUGAR WORKS LTD.,490.5
543497,Bhatia Colour Chem Limited,490.27
504786,INVESTMENT & PRECISION CASTING,489.83
526961,LAST MILE ENTERPRISES LIMITED,489.81
523023,SINCLAIRS HOTELS LTD.,488.88
543267,Davangere Sugar Company Limite,488.57
522004,BATLIBOI LTD.,485.99
531910,Madhuveer Com 18 Network Limit,485.36
514354,PREMIER POLYFILM LTD.,485.2
543917,SIGMA SOLVE LIMITED,485.15
526263,MOLD-TEK TECHNOLOGIES LTD.,484.89
532641,NANDAN DENIM LIMITED,484.75
532935,ARIES AGRO LTD.,484.71
533941,THOMAS SCOTT (INDIA) LIMITED,483.73
532952,NAHAR CAPITAL & FINANCIAL SERV,483.21
539528,AAYUSH WELLNESS LIMITED,481.99
507779,KANPUR PLASTIPACK LTD.,479.65
542337,Spencer's Retail Limited,478.98
530929,RRP DEFENSE LIMITED,477.65
504879,ORIENT CERATECH LIMITED,477.58
526159,NIKHIL ADHESIVES LTD.,477.53
535667,INDIA FINSEC LTD.,477.34
523648,PLASTIBLENDS INDIA LTD.,476.94
543829,Global Surfaces Limited,475.83
500060,Birla Cable Limited,475.39
500284,LORDS CHLORO ALKALI LTD.,475.16
544001,Sunita Tools Limited,474.98
544434,Neetu Yoshi Limited,474.86
544502,Amanta Healthcare Limited,474.06
532654,MCLEOD RUSSEL INDIA LTD.,473.09
512361,CUPID BREWERIES AND DISTILLERI,470.62
511766,MUTHOOT CAPITAL SERVICES LTD.,470.6
522017,FLUIDOMAT LTD.,470.37
536264,TIGER LOGISTICS (INDIA) LTD,470.1
526721,NICCO PARKS & RESORTS LTD.,469.62
544332,FABTECH TECHNOLOGIES CLEANROOM,469.34
542232,Shankar Lal Rampal Dye-Chem Li,468.63
531652,UVS HOSPITALITY AND SERVICES L,468.38
543986,South West Pinnacle Exploratio,468.3
524075,ALBERT DAVID LTD.,467.88
505729,SINGER INDIA LTD.,464.74
504959,STOVEC INDUSTRIES LTD.,463.88
500356,SHREE RAMA NEWSPRINT LTD.,463.65
544504,GOEL CONSTRUCTION COMPANY LIMI,463.58
514316,RAGHUVIR SYNTHETICS LTD.,463.53
533210,KRITI NUTRIENTS LTD,462.69
534680,SRG HOUSING FINANCE LTD.,462.23
544450,CHEMBOND CHEMICALS  LIMITED,454.39
517449,MAGNA ELECTRO CASTINGS LTD.,453.46
532829,LEHAR FOOTWEARS LIMITED,451.78
543782,Sealmatic India Limited,451.25
543998,Valiant Laboratories Limited,451.04
533218,EMAMI REALTY LIMITED,449.75
544541,SYSTEMATIC INDUSTRIES LIMITED,449.5
532932,MANAKSIA LTD.,448.95
531537,MIZZEN VENTURES LIMITED,448.08
544100,Nova Agritech Limited,445.91
500500,HINDUSTAN MOTORS LTD.,445.09
514418,MANGALAM ORGANICS LIMITED,445.07
543515,Sunrise Efficient Marketing Li,443.57
530919,REMSONS INDUSTRIES LTD.,442.65
513532,PRADEEP METALS LTD.,442.57
500012,ANDHRA PETROCHEMICALS LTD.,442.3
531161,ABM KNOWLEDGEWARE LTD.,441.8
536974,CAPTAIN POLYPLAST LTD,440.67
544424,GLOBE CIVIL PROJECTS LIMITED,440.66
540775,Khadim India Limited,439.41
532022,FILATEX FASHIONS LTD.,439.26
543926,Bizotic Commercial Limited,439.24
500456,PASUPATI ACRYLON LTD.,439.19
514286,ASHIMA LTD.,438.81
503722,BANSWARA SYNTEX LTD.,438.19
517273,S&S POWER SWITCHGEAR LTD.,436.65
543433,HP Adhesives Limited,434.87
532738,TwamevConstruction and Infrast,434.75
500367,RUBFILA INTERNATIONAL LTD.,433.84
513361,India Homes Limited,433.68
538961,GENUS PAPER & BOARDS LIMITED,432.52
504028,GEE LTD.,430.55
530365,ORIENT BELL LIMITED,430.17
543901,ROBUST HOTELS LIMITED,429.74
540730,Mehai Technology  Limited,428.38
526179,LUDLOW JUTE & SPECIALITIES LTD,425.32
500166,GOODRICKE GROUP LTD.,424.7
538715,Dhabriya Polywood Limited,422.96
544547,Jinkushal Industries Limited,422.69
531694,RAINBOW FOUNDATIONS LTD.,421.12
533270,BEDMUTHA INDUSTRIES LTD.,420.4
533252,WELSPUN INVESTMENTS AND COMMER,419.27
532329,DANLAW TECHNOLOGIES INDIA LTD.,418.14
522014,UNITED DRILLING TOOLS LTD.,416.7
530377,NILA INFRASTRUCTURES LTD.,416.66
544513,Dev Accelerator Limited,415.42
540726,Trident Texofab Limited,412.35
506528,KELTECH ENERGIES LTD.,412.22
532980,GOKUL REFOILS & SOLVENT LTD.,408.91
505750,JOSTS ENGINEERING CO.LTD.,407.49
509567,GOA CARBON LTD.,406.99
526935,ARUNIS ABODE LIMITED,406.51
532785,RUCHIRA PAPERS LTD.,406.34
539044,Manaksia Steels Limited,403.75
532907,IL&FS ENGINEERING AND CONSTRUC,403.57
530145,KISAN MOULDINGS LTD.,403.44
543210,Aarti Surfactants Limited,403.09
532713,SAKUMA EXPORTS LTD.,403.08
544670,BAI-KAKAJI POLYMERS LIMITED,402.83
544435,ADCOUNTY MEDIA INDIA LIMITED,402.81
542655,VIKAS LIFECARE LIMITED,402.19
512393,SHARDUL SECURITIES LTD.,402.13
532694,BARTRONICS INDIA LTD.,401.95
543668,B&B Triplewall Containers Limi,401.49
523754,MAHINDRA EPC IRRIGATION LIMITE,400.71
543442,Brand Concepts Limited,399.83
544219,VVIP Infratech Limited,399.34
501295,INDUSTRIAL INVESTMENT TRUST LT,399.2
532707,DYNEMIC PRODUCTS LTD.,399.08
539834,Balgopal Commercial limited,398.08
514010,RUDRA ECOVATION LIMITED,396.55
532666,FCS SOFTWARE SOLUTIONS LTD.,395.6
541400,ZIM Laboratories Limited,394.72
518091,ANJANI PORTLAND CEMENT LTD.,394.06
514175,VARDHMAN POLYTEX LTD.,392.19
500313,OIL COUNTRY TUBULAR LTD.,391.01
544091,Qualitek Labs Limited,390.67
514274,VARVEE GLOBAL LIMITED,389.56
532628,3I INFOTECH LTD.,387.53
532774,Inspirisys Solutions Limited,387.2
532617,JET AIRWAYS (INDIA) LTD.,386.69
543636,Dc Infotech and Communication ,386.63
543543,B-RIGHT REALESTATE LIMITED,385.59
532712,RELIANCE COMMUNICATIONS LTD.,385.18
524790,EVEREST ORGANICS LTD.,384.13
544023,Kalyani Cast-Tech Limited,383.8
531525,ACE SOFTWARE EXPORTS LTD.,382.89
532776,SHIVAM AUTOTECH LTD.,382.48
524444,EVEXIA LIFECARE LIMITED,381.05
543746,LOGICA INFOWAY LIMITED,380.86
541353,Innovators Facade Systems Limi,380.13
540937,MEDICO REMEDIES LIMITED,379.99
544249,SHREE TIRUPATI BALAJEE AGRO TR,378.76
517172,Pervasive Commodities Limited,378.29
533543,BROOKS LABORATORIES LTD.,377.49
543715,Indiabulls Enterprises Limited,376.65
541701,Supershakti Metaliks Limited,375.88
532740,LOKESH MACHINES LTD.,375.15
531281,MARBLE CITY INDIA LIMITED,374.38
544657,Pajson Agro India Limited,373.8
544524,JD CABLES LIMITED,372.17
532649,NECTAR LIFESCIENCES LTD.,369.81
509470,BOMBAY OXYGEN INVESTMENTS LIMI,369.04
543327,Exxaro Tiles Limited,368.94
530627,Vipul Organics Limited,368.82
500074,BPL LTD.,368.57
505850,MANGAL CREDIT AND FINCORP LTD.,368.2
505854,TRF LTD.,367.53
523373,MINI DIAMONDS (INDIA) LTD.,367.3
543930,Uravi Defence and Technology L,366.78
544568,DSM Fresh Foods Limited,366.75
530215,KINGS INFRA VENTURES LIMITED,366.63
500213,INTERNATIONAL TRAVEL HOUSE LTD,366.33
531364,Ekansh Concepts Limited,365.96
504084,KAYCEE INDUSTRIES LTD.,365.95
540679,HALEOS LABS LIMITED,365.32
500467,HARRISONS MALAYALAM LTD.,364.5
532853,ASAHI SONGWON COLORS LTD.,363.92
544626,EXATO TECHNOLOGIES LIMITED,363.19
544213,AELEA COMMODITIES LIMITED,363.08
537785,RACE ECO CHAIN LIMITED,361.03
506525,KANORIA CHEMICALS & INDUSTRIES,360.61
544453,Monarch Surveyors and Engineer,359.1
539518,Uday Jewellery Industries Limi,358.82
531082,ALANKIT,356.27
544346,RDB Real Estate Constructions ,356.03
542679,Dhanashree Electronics Limited,354.72
543364,Markolines Pavement Technologi,354.71
511754,SHALIBHADRA FINANCE LTD.,354.42
543958,VL E-Governance & IT Solutions,354.06
532344,SOFTSOL INDIA LTD.,353.59
530961,Vikas EcoTech Limited,352.58
543962,D.P. WIRES LIMITED,352.5
512296,BHAGYANAGAR INDIA LTD.,351.99
